Edad,Sexo,Unidad,Periodo,Total
Total,Ambos sexos,Valor absoluto,2023T3,"2.855,2"
Total,Ambos sexos,Valor absoluto,2023T2,"2.762,5"
Total,Ambos sexos,Valor absoluto,2023T1,"3.127,8"
Total,Ambos sexos,Valor absoluto,2022T4,"3.024,0"
Total,Ambos sexos,Valor absoluto,2022T3,"2.980,2"
Total,Ambos sexos,Valor absoluto,2022T2,"2.919,4"
Total,Ambos sexos,Valor absoluto,2022T1,"3.174,7"
Total,Ambos sexos,Valor absoluto,2021T4,"3.103,8"
Total,Ambos sexos,Valor absoluto,2021T3,"3.416,7"
Total,Ambos sexos,Valor absoluto,2021T2,"3.543,8"
Total,Ambos sexos,Valor absoluto,2021T1,"3.653,9"
Total,Ambos sexos,Valor absoluto,2020T4,"3.719,8"
Total,Ambos sexos,Valor absoluto,2020T3,"3.722,9"
Total,Ambos sexos,Valor absoluto,2020T2,"3.368,0"
Total,Ambos sexos,Valor absoluto,2020T1,"3.313,0"
Total,Ambos sexos,Valor absoluto,2019T4,"3.191,9"
Total,Ambos sexos,Valor absoluto,2019T3,"3.214,4"
Total,Ambos sexos,Valor absoluto,2019T2,"3.230,6"
Total,Ambos sexos,Valor absoluto,2019T1,"3.354,2"
Total,Ambos sexos,Valor absoluto,2018T4,"3.304,3"
Total,Ambos sexos,Valor absoluto,2018T3,"3.326,0"
Total,Ambos sexos,Valor absoluto,2018T2,"3.490,1"
Total,Ambos sexos,Valor absoluto,2018T1,"3.796,1"
Total,Ambos sexos,Valor absoluto,2017T4,"3.766,7"
Total,Ambos sexos,Valor absoluto,2017T3,"3.731,7"
Total,Ambos sexos,Valor absoluto,2017T2,"3.914,3"
Total,Ambos sexos,Valor absoluto,2017T1,"4.255,0"
Total,Ambos sexos,Valor absoluto,2016T4,"4.237,8"
Total,Ambos sexos,Valor absoluto,2016T3,"4.320,8"
Total,Ambos sexos,Valor absoluto,2016T2,"4.574,7"
Total,Ambos sexos,Valor absoluto,2016T1,"4.791,4"
Total,Ambos sexos,Valor absoluto,2015T4,"4.779,5"
Total,Ambos sexos,Valor absoluto,2015T3,"4.850,8"
Total,Ambos sexos,Valor absoluto,2015T2,"5.149,0"
Total,Ambos sexos,Valor absoluto,2015T1,"5.444,6"
Total,Ambos sexos,Valor absoluto,2014T4,"5.457,7"
Total,Ambos sexos,Valor absoluto,2014T3,"5.427,7"
Total,Ambos sexos,Valor absoluto,2014T2,"5.622,9"
Total,Ambos sexos,Valor absoluto,2014T1,"5.933,3"
Total,Ambos sexos,Valor absoluto,2013T4,"5.935,6"
Total,Ambos sexos,Valor absoluto,2013T3,"5.943,4"
Total,Ambos sexos,Valor absoluto,2013T2,"6.047,3"
Total,Ambos sexos,Valor absoluto,2013T1,"6.278,2"
Total,Ambos sexos,Valor absoluto,2012T4,"6.021,0"
Total,Ambos sexos,Valor absoluto,2012T3,"5.824,2"
Total,Ambos sexos,Valor absoluto,2012T2,"5.731,0"
Total,Ambos sexos,Valor absoluto,2012T1,"5.667,9"
Total,Ambos sexos,Valor absoluto,2011T4,"5.287,3"
Total,Ambos sexos,Valor absoluto,2011T3,"4.998,0"
Total,Ambos sexos,Valor absoluto,2011T2,"4.844,2"
Total,Ambos sexos,Valor absoluto,2011T1,"4.921,2"
Total,Ambos sexos,Valor absoluto,2010T4,"4.702,2"
Total,Ambos sexos,Valor absoluto,2010T3,"4.585,4"
Total,Ambos sexos,Valor absoluto,2010T2,"4.655,3"
Total,Ambos sexos,Valor absoluto,2010T1,"4.617,7"
Total,Ambos sexos,Valor absoluto,2009T4,"4.335,0"
Total,Ambos sexos,Valor absoluto,2009T3,"4.121,4"
Total,Ambos sexos,Valor absoluto,2009T2,"4.139,6"
Total,Ambos sexos,Valor absoluto,2009T1,"4.018,2"
Total,Ambos sexos,Valor absoluto,2008T4,"3.206,8"
Total,Ambos sexos,Valor absoluto,2008T3,"2.600,7"
Total,Ambos sexos,Valor absoluto,2008T2,"2.385,7"
Total,Ambos sexos,Valor absoluto,2008T1,"2.190,5"
Total,Ambos sexos,Valor absoluto,2007T4,"1.942,0"
Total,Ambos sexos,Valor absoluto,2007T3,"1.806,2"
Total,Ambos sexos,Valor absoluto,2007T2,"1.773,2"
Total,Ambos sexos,Valor absoluto,2007T1,"1.863,2"
Total,Ambos sexos,Valor absoluto,2006T4,"1.819,4"
Total,Ambos sexos,Valor absoluto,2006T3,"1.766,9"
Total,Ambos sexos,Valor absoluto,2006T2,"1.834,4"
Total,Ambos sexos,Valor absoluto,2006T1,"1.942,8"
Total,Ambos sexos,Valor absoluto,2005T4,"1.860,3"
Total,Ambos sexos,Valor absoluto,2005T3,"1.783,5"
Total,Ambos sexos,Valor absoluto,2005T2,"1.969,1"
Total,Ambos sexos,Valor absoluto,2005T1,"2.121,3"
Total,Ambos sexos,Valor absoluto,2004T4,"2.176,9"
Total,Ambos sexos,Valor absoluto,2004T3,"2.199,8"
Total,Ambos sexos,Valor absoluto,2004T2,"2.247,6"
Total,Ambos sexos,Valor absoluto,2004T1,"2.309,8"
Total,Ambos sexos,Valor absoluto,2003T4,"2.276,7"
Total,Ambos sexos,Valor absoluto,2003T3,"2.247,5"
Total,Ambos sexos,Valor absoluto,2003T2,"2.216,0"
Total,Ambos sexos,Valor absoluto,2003T1,"2.328,5"
Total,Ambos sexos,Valor absoluto,2002T4,"2.232,4"
Total,Ambos sexos,Valor absoluto,2002T3,"2.196,0"
Total,Ambos sexos,Valor absoluto,2002T2,"2.103,3"
Total,Ambos sexos,Valor absoluto,2002T1,"2.152,8"
De 16 a 19 años,Ambos sexos,Valor absoluto,2023T3,"142,0"
De 16 a 19 años,Ambos sexos,Valor absoluto,2023T2,"122,1"
De 16 a 19 años,Ambos sexos,Valor absoluto,2023T1,"121,4"
De 16 a 19 años,Ambos sexos,Valor absoluto,2022T4,"114,8"
De 16 a 19 años,Ambos sexos,Valor absoluto,2022T3,"151,4"
De 16 a 19 años,Ambos sexos,Valor absoluto,2022T2,"144,0"
De 16 a 19 años,Ambos sexos,Valor absoluto,2022T1,"123,1"
De 16 a 19 años,Ambos sexos,Valor absoluto,2021T4,"119,1"
De 16 a 19 años,Ambos sexos,Valor absoluto,2021T3,"138,2"
De 16 a 19 años,Ambos sexos,Valor absoluto,2021T2,"152,7"
De 16 a 19 años,Ambos sexos,Valor absoluto,2021T1,"112,5"
De 16 a 19 años,Ambos sexos,Valor absoluto,2020T4,"131,1"
De 16 a 19 años,Ambos sexos,Valor absoluto,2020T3,"150,2"
De 16 a 19 años,Ambos sexos,Valor absoluto,2020T2,"108,2"
De 16 a 19 años,Ambos sexos,Valor absoluto,2020T1,"116,5"
De 16 a 19 años,Ambos sexos,Valor absoluto,2019T4,"114,7"
De 16 a 19 años,Ambos sexos,Valor absoluto,2019T3,"130,1"
De 16 a 19 años,Ambos sexos,Valor absoluto,2019T2,"128,9"
De 16 a 19 años,Ambos sexos,Valor absoluto,2019T1,"123,3"
De 16 a 19 años,Ambos sexos,Valor absoluto,2018T4,"120,1"
De 16 a 19 años,Ambos sexos,Valor absoluto,2018T3,"137,8"
De 16 a 19 años,Ambos sexos,Valor absoluto,2018T2,"139,7"
De 16 a 19 años,Ambos sexos,Valor absoluto,2018T1,"132,8"
De 16 a 19 años,Ambos sexos,Valor absoluto,2017T4,"140,2"
De 16 a 19 años,Ambos sexos,Valor absoluto,2017T3,"150,3"
De 16 a 19 años,Ambos sexos,Valor absoluto,2017T2,"141,1"
De 16 a 19 años,Ambos sexos,Valor absoluto,2017T1,"134,5"
De 16 a 19 años,Ambos sexos,Valor absoluto,2016T4,"137,5"
De 16 a 19 años,Ambos sexos,Valor absoluto,2016T3,"146,3"
De 16 a 19 años,Ambos sexos,Valor absoluto,2016T2,"147,8"
De 16 a 19 años,Ambos sexos,Valor absoluto,2016T1,"143,6"
De 16 a 19 años,Ambos sexos,Valor absoluto,2015T4,"155,1"
De 16 a 19 años,Ambos sexos,Valor absoluto,2015T3,"185,9"
De 16 a 19 años,Ambos sexos,Valor absoluto,2015T2,"177,3"
De 16 a 19 años,Ambos sexos,Valor absoluto,2015T1,"170,8"
De 16 a 19 años,Ambos sexos,Valor absoluto,2014T4,"168,2"
De 16 a 19 años,Ambos sexos,Valor absoluto,2014T3,"183,6"
De 16 a 19 años,Ambos sexos,Valor absoluto,2014T2,"171,2"
De 16 a 19 años,Ambos sexos,Valor absoluto,2014T1,"169,5"
De 16 a 19 años,Ambos sexos,Valor absoluto,2013T4,"201,1"
De 16 a 19 años,Ambos sexos,Valor absoluto,2013T3,"232,8"
De 16 a 19 años,Ambos sexos,Valor absoluto,2013T2,"205,0"
De 16 a 19 años,Ambos sexos,Valor absoluto,2013T1,"206,8"
De 16 a 19 años,Ambos sexos,Valor absoluto,2012T4,"194,2"
De 16 a 19 años,Ambos sexos,Valor absoluto,2012T3,"242,5"
De 16 a 19 años,Ambos sexos,Valor absoluto,2012T2,"236,5"
De 16 a 19 años,Ambos sexos,Valor absoluto,2012T1,"214,7"
De 16 a 19 años,Ambos sexos,Valor absoluto,2011T4,"208,0"
De 16 a 19 años,Ambos sexos,Valor absoluto,2011T3,"238,1"
De 16 a 19 años,Ambos sexos,Valor absoluto,2011T2,"220,7"
De 16 a 19 años,Ambos sexos,Valor absoluto,2011T1,"216,4"
De 16 a 19 años,Ambos sexos,Valor absoluto,2010T4,"219,2"
De 16 a 19 años,Ambos sexos,Valor absoluto,2010T3,"245,8"
De 16 a 19 años,Ambos sexos,Valor absoluto,2010T2,"259,2"
De 16 a 19 años,Ambos sexos,Valor absoluto,2010T1,"233,8"
De 16 a 19 años,Ambos sexos,Valor absoluto,2009T4,"220,7"
De 16 a 19 años,Ambos sexos,Valor absoluto,2009T3,"263,0"
De 16 a 19 años,Ambos sexos,Valor absoluto,2009T2,"266,4"
De 16 a 19 años,Ambos sexos,Valor absoluto,2009T1,"258,4"
De 16 a 19 años,Ambos sexos,Valor absoluto,2008T4,"228,0"
De 16 a 19 años,Ambos sexos,Valor absoluto,2008T3,"230,9"
De 16 a 19 años,Ambos sexos,Valor absoluto,2008T2,"224,4"
De 16 a 19 años,Ambos sexos,Valor absoluto,2008T1,"172,1"
De 16 a 19 años,Ambos sexos,Valor absoluto,2007T4,"164,1"
De 16 a 19 años,Ambos sexos,Valor absoluto,2007T3,"169,0"
De 16 a 19 años,Ambos sexos,Valor absoluto,2007T2,"165,8"
De 16 a 19 años,Ambos sexos,Valor absoluto,2007T1,"141,5"
De 16 a 19 años,Ambos sexos,Valor absoluto,2006T4,"165,4"
De 16 a 19 años,Ambos sexos,Valor absoluto,2006T3,"149,9"
De 16 a 19 años,Ambos sexos,Valor absoluto,2006T2,"170,4"
De 16 a 19 años,Ambos sexos,Valor absoluto,2006T1,"149,4"
De 16 a 19 años,Ambos sexos,Valor absoluto,2005T4,"144,7"
De 16 a 19 años,Ambos sexos,Valor absoluto,2005T3,"159,9"
De 16 a 19 años,Ambos sexos,Valor absoluto,2005T2,"171,9"
De 16 a 19 años,Ambos sexos,Valor absoluto,2005T1,"158,5"
De 16 a 19 años,Ambos sexos,Valor absoluto,2004T4,"139,2"
De 16 a 19 años,Ambos sexos,Valor absoluto,2004T3,"154,9"
De 16 a 19 años,Ambos sexos,Valor absoluto,2004T2,"150,9"
De 16 a 19 años,Ambos sexos,Valor absoluto,2004T1,"150,0"
De 16 a 19 años,Ambos sexos,Valor absoluto,2003T4,"155,1"
De 16 a 19 años,Ambos sexos,Valor absoluto,2003T3,"165,9"
De 16 a 19 años,Ambos sexos,Valor absoluto,2003T2,"169,3"
De 16 a 19 años,Ambos sexos,Valor absoluto,2003T1,"160,5"
De 16 a 19 años,Ambos sexos,Valor absoluto,2002T4,"156,7"
De 16 a 19 años,Ambos sexos,Valor absoluto,2002T3,"162,2"
De 16 a 19 años,Ambos sexos,Valor absoluto,2002T2,"145,5"
De 16 a 19 años,Ambos sexos,Valor absoluto,2002T1,"144,5"
De 20 a 24 años,Ambos sexos,Valor absoluto,2023T3,"376,1"
De 20 a 24 años,Ambos sexos,Valor absoluto,2023T2,"345,5"
De 20 a 24 años,Ambos sexos,Valor absoluto,2023T1,"353,2"
De 20 a 24 años,Ambos sexos,Valor absoluto,2022T4,"349,3"
De 20 a 24 años,Ambos sexos,Valor absoluto,2022T3,"388,6"
De 20 a 24 años,Ambos sexos,Valor absoluto,2022T2,"324,6"
De 20 a 24 años,Ambos sexos,Valor absoluto,2022T1,"336,0"
De 20 a 24 años,Ambos sexos,Valor absoluto,2021T4,"333,4"
De 20 a 24 años,Ambos sexos,Valor absoluto,2021T3,"385,9"
De 20 a 24 años,Ambos sexos,Valor absoluto,2021T2,"444,5"
De 20 a 24 años,Ambos sexos,Valor absoluto,2021T1,"438,4"
De 20 a 24 años,Ambos sexos,Valor absoluto,2020T4,"441,3"
De 20 a 24 años,Ambos sexos,Valor absoluto,2020T3,"472,2"
De 20 a 24 años,Ambos sexos,Valor absoluto,2020T2,"402,0"
De 20 a 24 años,Ambos sexos,Valor absoluto,2020T1,"369,7"
De 20 a 24 años,Ambos sexos,Valor absoluto,2019T4,"348,1"
De 20 a 24 años,Ambos sexos,Valor absoluto,2019T3,"394,9"
De 20 a 24 años,Ambos sexos,Valor absoluto,2019T2,"377,8"
De 20 a 24 años,Ambos sexos,Valor absoluto,2019T1,"385,5"
De 20 a 24 años,Ambos sexos,Valor absoluto,2018T4,"382,8"
De 20 a 24 años,Ambos sexos,Valor absoluto,2018T3,"391,0"
De 20 a 24 años,Ambos sexos,Valor absoluto,2018T2,"383,0"
De 20 a 24 años,Ambos sexos,Valor absoluto,2018T1,"382,4"
De 20 a 24 años,Ambos sexos,Valor absoluto,2017T4,"418,0"
De 20 a 24 años,Ambos sexos,Valor absoluto,2017T3,"428,8"
De 20 a 24 años,Ambos sexos,Valor absoluto,2017T2,"442,7"
De 20 a 24 años,Ambos sexos,Valor absoluto,2017T1,"457,3"
De 20 a 24 años,Ambos sexos,Valor absoluto,2016T4,"476,4"
De 20 a 24 años,Ambos sexos,Valor absoluto,2016T3,"501,1"
De 20 a 24 años,Ambos sexos,Valor absoluto,2016T2,"545,0"
De 20 a 24 años,Ambos sexos,Valor absoluto,2016T1,"526,5"
De 20 a 24 años,Ambos sexos,Valor absoluto,2015T4,"532,5"
De 20 a 24 años,Ambos sexos,Valor absoluto,2015T3,"580,8"
De 20 a 24 años,Ambos sexos,Valor absoluto,2015T2,"589,9"
De 20 a 24 años,Ambos sexos,Valor absoluto,2015T1,"611,3"
De 20 a 24 años,Ambos sexos,Valor absoluto,2014T4,"645,5"
De 20 a 24 años,Ambos sexos,Valor absoluto,2014T3,"684,0"
De 20 a 24 años,Ambos sexos,Valor absoluto,2014T2,"669,4"
De 20 a 24 años,Ambos sexos,Valor absoluto,2014T1,"711,9"
De 20 a 24 años,Ambos sexos,Valor absoluto,2013T4,"706,0"
De 20 a 24 años,Ambos sexos,Valor absoluto,2013T3,"728,8"
De 20 a 24 años,Ambos sexos,Valor absoluto,2013T2,"750,0"
De 20 a 24 años,Ambos sexos,Valor absoluto,2013T1,"773,9"
De 20 a 24 años,Ambos sexos,Valor absoluto,2012T4,"751,4"
De 20 a 24 años,Ambos sexos,Valor absoluto,2012T3,"738,9"
De 20 a 24 años,Ambos sexos,Valor absoluto,2012T2,"731,2"
De 20 a 24 años,Ambos sexos,Valor absoluto,2012T1,"715,1"
De 20 a 24 años,Ambos sexos,Valor absoluto,2011T4,"679,6"
De 20 a 24 años,Ambos sexos,Valor absoluto,2011T3,"686,1"
De 20 a 24 años,Ambos sexos,Valor absoluto,2011T2,"671,6"
De 20 a 24 años,Ambos sexos,Valor absoluto,2011T1,"656,4"
De 20 a 24 años,Ambos sexos,Valor absoluto,2010T4,"627,6"
De 20 a 24 años,Ambos sexos,Valor absoluto,2010T3,"619,9"
De 20 a 24 años,Ambos sexos,Valor absoluto,2010T2,"619,8"
De 20 a 24 años,Ambos sexos,Valor absoluto,2010T1,"606,9"
De 20 a 24 años,Ambos sexos,Valor absoluto,2009T4,"599,5"
De 20 a 24 años,Ambos sexos,Valor absoluto,2009T3,"628,8"
De 20 a 24 años,Ambos sexos,Valor absoluto,2009T2,"594,3"
De 20 a 24 años,Ambos sexos,Valor absoluto,2009T1,"555,0"
De 20 a 24 años,Ambos sexos,Valor absoluto,2008T4,"459,7"
De 20 a 24 años,Ambos sexos,Valor absoluto,2008T3,"386,5"
De 20 a 24 años,Ambos sexos,Valor absoluto,2008T2,"348,5"
De 20 a 24 años,Ambos sexos,Valor absoluto,2008T1,"327,8"
De 20 a 24 años,Ambos sexos,Valor absoluto,2007T4,"285,2"
De 20 a 24 años,Ambos sexos,Valor absoluto,2007T3,"292,7"
De 20 a 24 años,Ambos sexos,Valor absoluto,2007T2,"279,0"
De 20 a 24 años,Ambos sexos,Valor absoluto,2007T1,"281,6"
De 20 a 24 años,Ambos sexos,Valor absoluto,2006T4,"270,4"
De 20 a 24 años,Ambos sexos,Valor absoluto,2006T3,"284,9"
De 20 a 24 años,Ambos sexos,Valor absoluto,2006T2,"282,5"
De 20 a 24 años,Ambos sexos,Valor absoluto,2006T1,"306,8"
De 20 a 24 años,Ambos sexos,Valor absoluto,2005T4,"316,1"
De 20 a 24 años,Ambos sexos,Valor absoluto,2005T3,"311,3"
De 20 a 24 años,Ambos sexos,Valor absoluto,2005T2,"340,8"
De 20 a 24 años,Ambos sexos,Valor absoluto,2005T1,"377,2"
De 20 a 24 años,Ambos sexos,Valor absoluto,2004T4,"368,5"
De 20 a 24 años,Ambos sexos,Valor absoluto,2004T3,"386,0"
De 20 a 24 años,Ambos sexos,Valor absoluto,2004T2,"389,4"
De 20 a 24 años,Ambos sexos,Valor absoluto,2004T1,"391,8"
De 20 a 24 años,Ambos sexos,Valor absoluto,2003T4,"401,8"
De 20 a 24 años,Ambos sexos,Valor absoluto,2003T3,"397,0"
De 20 a 24 años,Ambos sexos,Valor absoluto,2003T2,"375,2"
De 20 a 24 años,Ambos sexos,Valor absoluto,2003T1,"405,3"
De 20 a 24 años,Ambos sexos,Valor absoluto,2002T4,"411,0"
De 20 a 24 años,Ambos sexos,Valor absoluto,2002T3,"397,3"
De 20 a 24 años,Ambos sexos,Valor absoluto,2002T2,"380,8"
De 20 a 24 años,Ambos sexos,Valor absoluto,2002T1,"396,4"
De 25 a 29 años,Ambos sexos,Valor absoluto,2023T3,"338,3"
De 25 a 29 años,Ambos sexos,Valor absoluto,2023T2,"304,6"
De 25 a 29 años,Ambos sexos,Valor absoluto,2023T1,"364,4"
De 25 a 29 años,Ambos sexos,Valor absoluto,2022T4,"358,1"
De 25 a 29 años,Ambos sexos,Valor absoluto,2022T3,"357,2"
De 25 a 29 años,Ambos sexos,Valor absoluto,2022T2,"299,6"
De 25 a 29 años,Ambos sexos,Valor absoluto,2022T1,"384,3"
De 25 a 29 años,Ambos sexos,Valor absoluto,2021T4,"392,7"
De 25 a 29 años,Ambos sexos,Valor absoluto,2021T3,"445,9"
De 25 a 29 años,Ambos sexos,Valor absoluto,2021T2,"462,8"
De 25 a 29 años,Ambos sexos,Valor absoluto,2021T1,"501,4"
De 25 a 29 años,Ambos sexos,Valor absoluto,2020T4,"501,5"
De 25 a 29 años,Ambos sexos,Valor absoluto,2020T3,"514,6"
De 25 a 29 años,Ambos sexos,Valor absoluto,2020T2,"467,1"
De 25 a 29 años,Ambos sexos,Valor absoluto,2020T1,"412,1"
De 25 a 29 años,Ambos sexos,Valor absoluto,2019T4,"403,8"
De 25 a 29 años,Ambos sexos,Valor absoluto,2019T3,"395,2"
De 25 a 29 años,Ambos sexos,Valor absoluto,2019T2,"389,6"
De 25 a 29 años,Ambos sexos,Valor absoluto,2019T1,"406,1"
De 25 a 29 años,Ambos sexos,Valor absoluto,2018T4,"399,5"
De 25 a 29 años,Ambos sexos,Valor absoluto,2018T3,"405,7"
De 25 a 29 años,Ambos sexos,Valor absoluto,2018T2,"433,1"
De 25 a 29 años,Ambos sexos,Valor absoluto,2018T1,"472,5"
De 25 a 29 años,Ambos sexos,Valor absoluto,2017T4,"456,2"
De 25 a 29 años,Ambos sexos,Valor absoluto,2017T3,"476,6"
De 25 a 29 años,Ambos sexos,Valor absoluto,2017T2,"485,8"
De 25 a 29 años,Ambos sexos,Valor absoluto,2017T1,"520,9"
De 25 a 29 años,Ambos sexos,Valor absoluto,2016T4,"510,7"
De 25 a 29 años,Ambos sexos,Valor absoluto,2016T3,"515,0"
De 25 a 29 años,Ambos sexos,Valor absoluto,2016T2,"556,8"
De 25 a 29 años,Ambos sexos,Valor absoluto,2016T1,"609,1"
De 25 a 29 años,Ambos sexos,Valor absoluto,2015T4,"599,2"
De 25 a 29 años,Ambos sexos,Valor absoluto,2015T3,"611,3"
De 25 a 29 años,Ambos sexos,Valor absoluto,2015T2,"628,2"
De 25 a 29 años,Ambos sexos,Valor absoluto,2015T1,"678,2"
De 25 a 29 años,Ambos sexos,Valor absoluto,2014T4,"681,9"
De 25 a 29 años,Ambos sexos,Valor absoluto,2014T3,"665,4"
De 25 a 29 años,Ambos sexos,Valor absoluto,2014T2,"700,1"
De 25 a 29 años,Ambos sexos,Valor absoluto,2014T1,"768,0"
De 25 a 29 años,Ambos sexos,Valor absoluto,2013T4,"773,3"
De 25 a 29 años,Ambos sexos,Valor absoluto,2013T3,"774,1"
De 25 a 29 años,Ambos sexos,Valor absoluto,2013T2,"824,6"
De 25 a 29 años,Ambos sexos,Valor absoluto,2013T1,"874,5"
De 25 a 29 años,Ambos sexos,Valor absoluto,2012T4,"854,0"
De 25 a 29 años,Ambos sexos,Valor absoluto,2012T3,"812,0"
De 25 a 29 años,Ambos sexos,Valor absoluto,2012T2,"792,5"
De 25 a 29 años,Ambos sexos,Valor absoluto,2012T1,"798,1"
De 25 a 29 años,Ambos sexos,Valor absoluto,2011T4,"727,8"
De 25 a 29 años,Ambos sexos,Valor absoluto,2011T3,"697,0"
De 25 a 29 años,Ambos sexos,Valor absoluto,2011T2,"697,6"
De 25 a 29 años,Ambos sexos,Valor absoluto,2011T1,"731,4"
De 25 a 29 años,Ambos sexos,Valor absoluto,2010T4,"712,5"
De 25 a 29 años,Ambos sexos,Valor absoluto,2010T3,"697,4"
De 25 a 29 años,Ambos sexos,Valor absoluto,2010T2,"690,7"
De 25 a 29 años,Ambos sexos,Valor absoluto,2010T1,"733,6"
De 25 a 29 años,Ambos sexos,Valor absoluto,2009T4,"692,3"
De 25 a 29 años,Ambos sexos,Valor absoluto,2009T3,"645,5"
De 25 a 29 años,Ambos sexos,Valor absoluto,2009T2,"625,0"
De 25 a 29 años,Ambos sexos,Valor absoluto,2009T1,"648,5"
De 25 a 29 años,Ambos sexos,Valor absoluto,2008T4,"516,0"
De 25 a 29 años,Ambos sexos,Valor absoluto,2008T3,"433,1"
De 25 a 29 años,Ambos sexos,Valor absoluto,2008T2,"370,9"
De 25 a 29 años,Ambos sexos,Valor absoluto,2008T1,"350,6"
De 25 a 29 años,Ambos sexos,Valor absoluto,2007T4,"311,7"
De 25 a 29 años,Ambos sexos,Valor absoluto,2007T3,"277,3"
De 25 a 29 años,Ambos sexos,Valor absoluto,2007T2,"257,6"
De 25 a 29 años,Ambos sexos,Valor absoluto,2007T1,"292,9"
De 25 a 29 años,Ambos sexos,Valor absoluto,2006T4,"310,6"
De 25 a 29 años,Ambos sexos,Valor absoluto,2006T3,"300,3"
De 25 a 29 años,Ambos sexos,Valor absoluto,2006T2,"317,6"
De 25 a 29 años,Ambos sexos,Valor absoluto,2006T1,"360,5"
De 25 a 29 años,Ambos sexos,Valor absoluto,2005T4,"340,2"
De 25 a 29 años,Ambos sexos,Valor absoluto,2005T3,"327,7"
De 25 a 29 años,Ambos sexos,Valor absoluto,2005T2,"356,4"
De 25 a 29 años,Ambos sexos,Valor absoluto,2005T1,"381,0"
De 25 a 29 años,Ambos sexos,Valor absoluto,2004T4,"382,6"
De 25 a 29 años,Ambos sexos,Valor absoluto,2004T3,"399,0"
De 25 a 29 años,Ambos sexos,Valor absoluto,2004T2,"409,3"
De 25 a 29 años,Ambos sexos,Valor absoluto,2004T1,"447,0"
De 25 a 29 años,Ambos sexos,Valor absoluto,2003T4,"440,8"
De 25 a 29 años,Ambos sexos,Valor absoluto,2003T3,"438,5"
De 25 a 29 años,Ambos sexos,Valor absoluto,2003T2,"428,0"
De 25 a 29 años,Ambos sexos,Valor absoluto,2003T1,"458,8"
De 25 a 29 años,Ambos sexos,Valor absoluto,2002T4,"441,8"
De 25 a 29 años,Ambos sexos,Valor absoluto,2002T3,"425,0"
De 25 a 29 años,Ambos sexos,Valor absoluto,2002T2,"410,2"
De 25 a 29 años,Ambos sexos,Valor absoluto,2002T1,"421,1"
De 30 a 34 años,Ambos sexos,Valor absoluto,2023T3,"286,8"
De 30 a 34 años,Ambos sexos,Valor absoluto,2023T2,"267,8"
De 30 a 34 años,Ambos sexos,Valor absoluto,2023T1,"327,3"
De 30 a 34 años,Ambos sexos,Valor absoluto,2022T4,"301,8"
De 30 a 34 años,Ambos sexos,Valor absoluto,2022T3,"289,0"
De 30 a 34 años,Ambos sexos,Valor absoluto,2022T2,"291,7"
De 30 a 34 años,Ambos sexos,Valor absoluto,2022T1,"320,7"
De 30 a 34 años,Ambos sexos,Valor absoluto,2021T4,"326,2"
De 30 a 34 años,Ambos sexos,Valor absoluto,2021T3,"344,2"
De 30 a 34 años,Ambos sexos,Valor absoluto,2021T2,"372,9"
De 30 a 34 años,Ambos sexos,Valor absoluto,2021T1,"394,0"
De 30 a 34 años,Ambos sexos,Valor absoluto,2020T4,"413,5"
De 30 a 34 años,Ambos sexos,Valor absoluto,2020T3,"432,8"
De 30 a 34 años,Ambos sexos,Valor absoluto,2020T2,"393,9"
De 30 a 34 años,Ambos sexos,Valor absoluto,2020T1,"358,4"
De 30 a 34 años,Ambos sexos,Valor absoluto,2019T4,"342,5"
De 30 a 34 años,Ambos sexos,Valor absoluto,2019T3,"348,1"
De 30 a 34 años,Ambos sexos,Valor absoluto,2019T2,"334,1"
De 30 a 34 años,Ambos sexos,Valor absoluto,2019T1,"344,4"
De 30 a 34 años,Ambos sexos,Valor absoluto,2018T4,"365,4"
De 30 a 34 años,Ambos sexos,Valor absoluto,2018T3,"370,2"
De 30 a 34 años,Ambos sexos,Valor absoluto,2018T2,"364,0"
De 30 a 34 años,Ambos sexos,Valor absoluto,2018T1,"414,9"
De 30 a 34 años,Ambos sexos,Valor absoluto,2017T4,"423,7"
De 30 a 34 años,Ambos sexos,Valor absoluto,2017T3,"397,6"
De 30 a 34 años,Ambos sexos,Valor absoluto,2017T2,"426,2"
De 30 a 34 años,Ambos sexos,Valor absoluto,2017T1,"455,9"
De 30 a 34 años,Ambos sexos,Valor absoluto,2016T4,"487,8"
De 30 a 34 años,Ambos sexos,Valor absoluto,2016T3,"495,3"
De 30 a 34 años,Ambos sexos,Valor absoluto,2016T2,"533,8"
De 30 a 34 años,Ambos sexos,Valor absoluto,2016T1,"564,4"
De 30 a 34 años,Ambos sexos,Valor absoluto,2015T4,"566,6"
De 30 a 34 años,Ambos sexos,Valor absoluto,2015T3,"576,6"
De 30 a 34 años,Ambos sexos,Valor absoluto,2015T2,"644,8"
De 30 a 34 años,Ambos sexos,Valor absoluto,2015T1,"714,6"
De 30 a 34 años,Ambos sexos,Valor absoluto,2014T4,"698,7"
De 30 a 34 años,Ambos sexos,Valor absoluto,2014T3,"692,2"
De 30 a 34 años,Ambos sexos,Valor absoluto,2014T2,"730,3"
De 30 a 34 años,Ambos sexos,Valor absoluto,2014T1,"803,1"
De 30 a 34 años,Ambos sexos,Valor absoluto,2013T4,"823,0"
De 30 a 34 años,Ambos sexos,Valor absoluto,2013T3,"808,3"
De 30 a 34 años,Ambos sexos,Valor absoluto,2013T2,"819,8"
De 30 a 34 años,Ambos sexos,Valor absoluto,2013T1,"885,6"
De 30 a 34 años,Ambos sexos,Valor absoluto,2012T4,"878,9"
De 30 a 34 años,Ambos sexos,Valor absoluto,2012T3,"833,3"
De 30 a 34 años,Ambos sexos,Valor absoluto,2012T2,"814,3"
De 30 a 34 años,Ambos sexos,Valor absoluto,2012T1,"825,1"
De 30 a 34 años,Ambos sexos,Valor absoluto,2011T4,"781,8"
De 30 a 34 años,Ambos sexos,Valor absoluto,2011T3,"729,3"
De 30 a 34 años,Ambos sexos,Valor absoluto,2011T2,"741,7"
De 30 a 34 años,Ambos sexos,Valor absoluto,2011T1,"755,5"
De 30 a 34 años,Ambos sexos,Valor absoluto,2010T4,"705,1"
De 30 a 34 años,Ambos sexos,Valor absoluto,2010T3,"682,7"
De 30 a 34 años,Ambos sexos,Valor absoluto,2010T2,"688,9"
De 30 a 34 años,Ambos sexos,Valor absoluto,2010T1,"704,8"
De 30 a 34 años,Ambos sexos,Valor absoluto,2009T4,"648,6"
De 30 a 34 años,Ambos sexos,Valor absoluto,2009T3,"612,5"
De 30 a 34 años,Ambos sexos,Valor absoluto,2009T2,"628,6"
De 30 a 34 años,Ambos sexos,Valor absoluto,2009T1,"605,1"
De 30 a 34 años,Ambos sexos,Valor absoluto,2008T4,"483,2"
De 30 a 34 años,Ambos sexos,Valor absoluto,2008T3,"365,6"
De 30 a 34 años,Ambos sexos,Valor absoluto,2008T2,"345,6"
De 30 a 34 años,Ambos sexos,Valor absoluto,2008T1,"301,6"
De 30 a 34 años,Ambos sexos,Valor absoluto,2007T4,"272,8"
De 30 a 34 años,Ambos sexos,Valor absoluto,2007T3,"247,3"
De 30 a 34 años,Ambos sexos,Valor absoluto,2007T2,"241,6"
De 30 a 34 años,Ambos sexos,Valor absoluto,2007T1,"275,3"
De 30 a 34 años,Ambos sexos,Valor absoluto,2006T4,"253,5"
De 30 a 34 años,Ambos sexos,Valor absoluto,2006T3,"255,8"
De 30 a 34 años,Ambos sexos,Valor absoluto,2006T2,"277,4"
De 30 a 34 años,Ambos sexos,Valor absoluto,2006T1,"271,7"
De 30 a 34 años,Ambos sexos,Valor absoluto,2005T4,"262,4"
De 30 a 34 años,Ambos sexos,Valor absoluto,2005T3,"232,2"
De 30 a 34 años,Ambos sexos,Valor absoluto,2005T2,"260,6"
De 30 a 34 años,Ambos sexos,Valor absoluto,2005T1,"282,7"
De 30 a 34 años,Ambos sexos,Valor absoluto,2004T4,"313,9"
De 30 a 34 años,Ambos sexos,Valor absoluto,2004T3,"313,2"
De 30 a 34 años,Ambos sexos,Valor absoluto,2004T2,"325,6"
De 30 a 34 años,Ambos sexos,Valor absoluto,2004T1,"344,2"
De 30 a 34 años,Ambos sexos,Valor absoluto,2003T4,"332,4"
De 30 a 34 años,Ambos sexos,Valor absoluto,2003T3,"339,8"
De 30 a 34 años,Ambos sexos,Valor absoluto,2003T2,"323,9"
De 30 a 34 años,Ambos sexos,Valor absoluto,2003T1,"342,2"
De 30 a 34 años,Ambos sexos,Valor absoluto,2002T4,"309,4"
De 30 a 34 años,Ambos sexos,Valor absoluto,2002T3,"315,3"
De 30 a 34 años,Ambos sexos,Valor absoluto,2002T2,"300,6"
De 30 a 34 años,Ambos sexos,Valor absoluto,2002T1,"318,7"
De 35 a 39 años,Ambos sexos,Valor absoluto,2023T3,"263,1"
De 35 a 39 años,Ambos sexos,Valor absoluto,2023T2,"275,7"
De 35 a 39 años,Ambos sexos,Valor absoluto,2023T1,"326,1"
De 35 a 39 años,Ambos sexos,Valor absoluto,2022T4,"322,1"
De 35 a 39 años,Ambos sexos,Valor absoluto,2022T3,"300,2"
De 35 a 39 años,Ambos sexos,Valor absoluto,2022T2,"293,8"
De 35 a 39 años,Ambos sexos,Valor absoluto,2022T1,"328,6"
De 35 a 39 años,Ambos sexos,Valor absoluto,2021T4,"289,2"
De 35 a 39 años,Ambos sexos,Valor absoluto,2021T3,"337,8"
De 35 a 39 años,Ambos sexos,Valor absoluto,2021T2,"383,7"
De 35 a 39 años,Ambos sexos,Valor absoluto,2021T1,"419,3"
De 35 a 39 años,Ambos sexos,Valor absoluto,2020T4,"430,9"
De 35 a 39 años,Ambos sexos,Valor absoluto,2020T3,"401,2"
De 35 a 39 años,Ambos sexos,Valor absoluto,2020T2,"398,1"
De 35 a 39 años,Ambos sexos,Valor absoluto,2020T1,"377,2"
De 35 a 39 años,Ambos sexos,Valor absoluto,2019T4,"346,6"
De 35 a 39 años,Ambos sexos,Valor absoluto,2019T3,"326,3"
De 35 a 39 años,Ambos sexos,Valor absoluto,2019T2,"345,6"
De 35 a 39 años,Ambos sexos,Valor absoluto,2019T1,"364,4"
De 35 a 39 años,Ambos sexos,Valor absoluto,2018T4,"376,5"
De 35 a 39 años,Ambos sexos,Valor absoluto,2018T3,"377,8"
De 35 a 39 años,Ambos sexos,Valor absoluto,2018T2,"393,0"
De 35 a 39 años,Ambos sexos,Valor absoluto,2018T1,"456,0"
De 35 a 39 años,Ambos sexos,Valor absoluto,2017T4,"446,9"
De 35 a 39 años,Ambos sexos,Valor absoluto,2017T3,"437,1"
De 35 a 39 años,Ambos sexos,Valor absoluto,2017T2,"464,0"
De 35 a 39 años,Ambos sexos,Valor absoluto,2017T1,"533,1"
De 35 a 39 años,Ambos sexos,Valor absoluto,2016T4,"534,7"
De 35 a 39 años,Ambos sexos,Valor absoluto,2016T3,"539,6"
De 35 a 39 años,Ambos sexos,Valor absoluto,2016T2,"565,2"
De 35 a 39 años,Ambos sexos,Valor absoluto,2016T1,"630,7"
De 35 a 39 años,Ambos sexos,Valor absoluto,2015T4,"621,6"
De 35 a 39 años,Ambos sexos,Valor absoluto,2015T3,"601,5"
De 35 a 39 años,Ambos sexos,Valor absoluto,2015T2,"690,5"
De 35 a 39 años,Ambos sexos,Valor absoluto,2015T1,"729,0"
De 35 a 39 años,Ambos sexos,Valor absoluto,2014T4,"725,8"
De 35 a 39 años,Ambos sexos,Valor absoluto,2014T3,"739,2"
De 35 a 39 años,Ambos sexos,Valor absoluto,2014T2,"748,6"
De 35 a 39 años,Ambos sexos,Valor absoluto,2014T1,"821,5"
De 35 a 39 años,Ambos sexos,Valor absoluto,2013T4,"809,0"
De 35 a 39 años,Ambos sexos,Valor absoluto,2013T3,"804,2"
De 35 a 39 años,Ambos sexos,Valor absoluto,2013T2,"833,2"
De 35 a 39 años,Ambos sexos,Valor absoluto,2013T1,"864,1"
De 35 a 39 años,Ambos sexos,Valor absoluto,2012T4,"829,4"
De 35 a 39 años,Ambos sexos,Valor absoluto,2012T3,"771,5"
De 35 a 39 años,Ambos sexos,Valor absoluto,2012T2,"773,7"
De 35 a 39 años,Ambos sexos,Valor absoluto,2012T1,"792,6"
De 35 a 39 años,Ambos sexos,Valor absoluto,2011T4,"738,9"
De 35 a 39 años,Ambos sexos,Valor absoluto,2011T3,"682,1"
De 35 a 39 años,Ambos sexos,Valor absoluto,2011T2,"639,6"
De 35 a 39 años,Ambos sexos,Valor absoluto,2011T1,"666,9"
De 35 a 39 años,Ambos sexos,Valor absoluto,2010T4,"637,4"
De 35 a 39 años,Ambos sexos,Valor absoluto,2010T3,"645,5"
De 35 a 39 años,Ambos sexos,Valor absoluto,2010T2,"642,4"
De 35 a 39 años,Ambos sexos,Valor absoluto,2010T1,"644,3"
De 35 a 39 años,Ambos sexos,Valor absoluto,2009T4,"603,7"
De 35 a 39 años,Ambos sexos,Valor absoluto,2009T3,"537,9"
De 35 a 39 años,Ambos sexos,Valor absoluto,2009T2,"546,7"
De 35 a 39 años,Ambos sexos,Valor absoluto,2009T1,"555,9"
De 35 a 39 años,Ambos sexos,Valor absoluto,2008T4,"407,6"
De 35 a 39 años,Ambos sexos,Valor absoluto,2008T3,"322,2"
De 35 a 39 años,Ambos sexos,Valor absoluto,2008T2,"279,8"
De 35 a 39 años,Ambos sexos,Valor absoluto,2008T1,"270,9"
De 35 a 39 años,Ambos sexos,Valor absoluto,2007T4,"217,6"
De 35 a 39 años,Ambos sexos,Valor absoluto,2007T3,"214,0"
De 35 a 39 años,Ambos sexos,Valor absoluto,2007T2,"221,0"
De 35 a 39 años,Ambos sexos,Valor absoluto,2007T1,"247,5"
De 35 a 39 años,Ambos sexos,Valor absoluto,2006T4,"230,3"
De 35 a 39 años,Ambos sexos,Valor absoluto,2006T3,"215,9"
De 35 a 39 años,Ambos sexos,Valor absoluto,2006T2,"217,8"
De 35 a 39 años,Ambos sexos,Valor absoluto,2006T1,"226,2"
De 35 a 39 años,Ambos sexos,Valor absoluto,2005T4,"218,5"
De 35 a 39 años,Ambos sexos,Valor absoluto,2005T3,"216,3"
De 35 a 39 años,Ambos sexos,Valor absoluto,2005T2,"227,7"
De 35 a 39 años,Ambos sexos,Valor absoluto,2005T1,"262,7"
De 35 a 39 años,Ambos sexos,Valor absoluto,2004T4,"295,4"
De 35 a 39 años,Ambos sexos,Valor absoluto,2004T3,"279,5"
De 35 a 39 años,Ambos sexos,Valor absoluto,2004T2,"274,9"
De 35 a 39 años,Ambos sexos,Valor absoluto,2004T1,"316,1"
De 35 a 39 años,Ambos sexos,Valor absoluto,2003T4,"291,9"
De 35 a 39 años,Ambos sexos,Valor absoluto,2003T3,"266,0"
De 35 a 39 años,Ambos sexos,Valor absoluto,2003T2,"285,5"
De 35 a 39 años,Ambos sexos,Valor absoluto,2003T1,"300,7"
De 35 a 39 años,Ambos sexos,Valor absoluto,2002T4,"267,4"
De 35 a 39 años,Ambos sexos,Valor absoluto,2002T3,"265,4"
De 35 a 39 años,Ambos sexos,Valor absoluto,2002T2,"259,5"
De 35 a 39 años,Ambos sexos,Valor absoluto,2002T1,"260,2"
De 40 a 44 años,Ambos sexos,Valor absoluto,2023T3,"280,7"
De 40 a 44 años,Ambos sexos,Valor absoluto,2023T2,"300,5"
De 40 a 44 años,Ambos sexos,Valor absoluto,2023T1,"333,8"
De 40 a 44 años,Ambos sexos,Valor absoluto,2022T4,"315,9"
De 40 a 44 años,Ambos sexos,Valor absoluto,2022T3,"314,5"
De 40 a 44 años,Ambos sexos,Valor absoluto,2022T2,"328,6"
De 40 a 44 años,Ambos sexos,Valor absoluto,2022T1,"352,8"
De 40 a 44 años,Ambos sexos,Valor absoluto,2021T4,"343,8"
De 40 a 44 años,Ambos sexos,Valor absoluto,2021T3,"383,3"
De 40 a 44 años,Ambos sexos,Valor absoluto,2021T2,"378,3"
De 40 a 44 años,Ambos sexos,Valor absoluto,2021T1,"413,4"
De 40 a 44 años,Ambos sexos,Valor absoluto,2020T4,"430,9"
De 40 a 44 años,Ambos sexos,Valor absoluto,2020T3,"428,8"
De 40 a 44 años,Ambos sexos,Valor absoluto,2020T2,"400,6"
De 40 a 44 años,Ambos sexos,Valor absoluto,2020T1,"403,9"
De 40 a 44 años,Ambos sexos,Valor absoluto,2019T4,"382,8"
De 40 a 44 años,Ambos sexos,Valor absoluto,2019T3,"409,8"
De 40 a 44 años,Ambos sexos,Valor absoluto,2019T2,"400,5"
De 40 a 44 años,Ambos sexos,Valor absoluto,2019T1,"428,2"
De 40 a 44 años,Ambos sexos,Valor absoluto,2018T4,"400,9"
De 40 a 44 años,Ambos sexos,Valor absoluto,2018T3,"411,8"
De 40 a 44 años,Ambos sexos,Valor absoluto,2018T2,"419,7"
De 40 a 44 años,Ambos sexos,Valor absoluto,2018T1,"474,9"
De 40 a 44 años,Ambos sexos,Valor absoluto,2017T4,"463,5"
De 40 a 44 años,Ambos sexos,Valor absoluto,2017T3,"455,4"
De 40 a 44 años,Ambos sexos,Valor absoluto,2017T2,"488,5"
De 40 a 44 años,Ambos sexos,Valor absoluto,2017T1,"566,3"
De 40 a 44 años,Ambos sexos,Valor absoluto,2016T4,"531,9"
De 40 a 44 años,Ambos sexos,Valor absoluto,2016T3,"550,5"
De 40 a 44 años,Ambos sexos,Valor absoluto,2016T2,"601,4"
De 40 a 44 años,Ambos sexos,Valor absoluto,2016T1,"607,3"
De 40 a 44 años,Ambos sexos,Valor absoluto,2015T4,"599,6"
De 40 a 44 años,Ambos sexos,Valor absoluto,2015T3,"585,8"
De 40 a 44 años,Ambos sexos,Valor absoluto,2015T2,"639,4"
De 40 a 44 años,Ambos sexos,Valor absoluto,2015T1,"699,2"
De 40 a 44 años,Ambos sexos,Valor absoluto,2014T4,"720,0"
De 40 a 44 años,Ambos sexos,Valor absoluto,2014T3,"676,0"
De 40 a 44 años,Ambos sexos,Valor absoluto,2014T2,"729,5"
De 40 a 44 años,Ambos sexos,Valor absoluto,2014T1,"753,3"
De 40 a 44 años,Ambos sexos,Valor absoluto,2013T4,"752,5"
De 40 a 44 años,Ambos sexos,Valor absoluto,2013T3,"747,2"
De 40 a 44 años,Ambos sexos,Valor absoluto,2013T2,"753,7"
De 40 a 44 años,Ambos sexos,Valor absoluto,2013T1,"796,4"
De 40 a 44 años,Ambos sexos,Valor absoluto,2012T4,"768,7"
De 40 a 44 años,Ambos sexos,Valor absoluto,2012T3,"725,4"
De 40 a 44 años,Ambos sexos,Valor absoluto,2012T2,"727,0"
De 40 a 44 años,Ambos sexos,Valor absoluto,2012T1,"722,6"
De 40 a 44 años,Ambos sexos,Valor absoluto,2011T4,"685,0"
De 40 a 44 años,Ambos sexos,Valor absoluto,2011T3,"619,1"
De 40 a 44 años,Ambos sexos,Valor absoluto,2011T2,"604,6"
De 40 a 44 años,Ambos sexos,Valor absoluto,2011T1,"595,9"
De 40 a 44 años,Ambos sexos,Valor absoluto,2010T4,"569,2"
De 40 a 44 años,Ambos sexos,Valor absoluto,2010T3,"550,8"
De 40 a 44 años,Ambos sexos,Valor absoluto,2010T2,"565,2"
De 40 a 44 años,Ambos sexos,Valor absoluto,2010T1,"537,1"
De 40 a 44 años,Ambos sexos,Valor absoluto,2009T4,"518,3"
De 40 a 44 años,Ambos sexos,Valor absoluto,2009T3,"473,0"
De 40 a 44 años,Ambos sexos,Valor absoluto,2009T2,"489,6"
De 40 a 44 años,Ambos sexos,Valor absoluto,2009T1,"463,0"
De 40 a 44 años,Ambos sexos,Valor absoluto,2008T4,"388,8"
De 40 a 44 años,Ambos sexos,Valor absoluto,2008T3,"291,1"
De 40 a 44 años,Ambos sexos,Valor absoluto,2008T2,"273,4"
De 40 a 44 años,Ambos sexos,Valor absoluto,2008T1,"254,9"
De 40 a 44 años,Ambos sexos,Valor absoluto,2007T4,"222,3"
De 40 a 44 años,Ambos sexos,Valor absoluto,2007T3,"186,3"
De 40 a 44 años,Ambos sexos,Valor absoluto,2007T2,"195,2"
De 40 a 44 años,Ambos sexos,Valor absoluto,2007T1,"202,4"
De 40 a 44 años,Ambos sexos,Valor absoluto,2006T4,"194,3"
De 40 a 44 años,Ambos sexos,Valor absoluto,2006T3,"186,2"
De 40 a 44 años,Ambos sexos,Valor absoluto,2006T2,"195,0"
De 40 a 44 años,Ambos sexos,Valor absoluto,2006T1,"211,7"
De 40 a 44 años,Ambos sexos,Valor absoluto,2005T4,"188,6"
De 40 a 44 años,Ambos sexos,Valor absoluto,2005T3,"175,9"
De 40 a 44 años,Ambos sexos,Valor absoluto,2005T2,"196,9"
De 40 a 44 años,Ambos sexos,Valor absoluto,2005T1,"225,7"
De 40 a 44 años,Ambos sexos,Valor absoluto,2004T4,"224,0"
De 40 a 44 años,Ambos sexos,Valor absoluto,2004T3,"222,1"
De 40 a 44 años,Ambos sexos,Valor absoluto,2004T2,"247,0"
De 40 a 44 años,Ambos sexos,Valor absoluto,2004T1,"224,5"
De 40 a 44 años,Ambos sexos,Valor absoluto,2003T4,"225,4"
De 40 a 44 años,Ambos sexos,Valor absoluto,2003T3,"220,3"
De 40 a 44 años,Ambos sexos,Valor absoluto,2003T2,"219,6"
De 40 a 44 años,Ambos sexos,Valor absoluto,2003T1,"216,1"
De 40 a 44 años,Ambos sexos,Valor absoluto,2002T4,"222,9"
De 40 a 44 años,Ambos sexos,Valor absoluto,2002T3,"211,1"
De 40 a 44 años,Ambos sexos,Valor absoluto,2002T2,"198,6"
De 40 a 44 años,Ambos sexos,Valor absoluto,2002T1,"212,0"
De 45 a 49 años,Ambos sexos,Valor absoluto,2023T3,"320,8"
De 45 a 49 años,Ambos sexos,Valor absoluto,2023T2,"307,9"
De 45 a 49 años,Ambos sexos,Valor absoluto,2023T1,"375,9"
De 45 a 49 años,Ambos sexos,Valor absoluto,2022T4,"366,8"
De 45 a 49 años,Ambos sexos,Valor absoluto,2022T3,"324,9"
De 45 a 49 años,Ambos sexos,Valor absoluto,2022T2,"327,9"
De 45 a 49 años,Ambos sexos,Valor absoluto,2022T1,"365,4"
De 45 a 49 años,Ambos sexos,Valor absoluto,2021T4,"369,0"
De 45 a 49 años,Ambos sexos,Valor absoluto,2021T3,"381,6"
De 45 a 49 años,Ambos sexos,Valor absoluto,2021T2,"402,0"
De 45 a 49 años,Ambos sexos,Valor absoluto,2021T1,"430,3"
De 45 a 49 años,Ambos sexos,Valor absoluto,2020T4,"434,4"
De 45 a 49 años,Ambos sexos,Valor absoluto,2020T3,"443,6"
De 45 a 49 años,Ambos sexos,Valor absoluto,2020T2,"380,6"
De 45 a 49 años,Ambos sexos,Valor absoluto,2020T1,"395,1"
De 45 a 49 años,Ambos sexos,Valor absoluto,2019T4,"384,7"
De 45 a 49 años,Ambos sexos,Valor absoluto,2019T3,"369,5"
De 45 a 49 años,Ambos sexos,Valor absoluto,2019T2,"374,0"
De 45 a 49 años,Ambos sexos,Valor absoluto,2019T1,"411,5"
De 45 a 49 años,Ambos sexos,Valor absoluto,2018T4,"379,4"
De 45 a 49 años,Ambos sexos,Valor absoluto,2018T3,"392,7"
De 45 a 49 años,Ambos sexos,Valor absoluto,2018T2,"448,1"
De 45 a 49 años,Ambos sexos,Valor absoluto,2018T1,"463,0"
De 45 a 49 años,Ambos sexos,Valor absoluto,2017T4,"460,8"
De 45 a 49 años,Ambos sexos,Valor absoluto,2017T3,"451,6"
De 45 a 49 años,Ambos sexos,Valor absoluto,2017T2,"480,0"
De 45 a 49 años,Ambos sexos,Valor absoluto,2017T1,"544,4"
De 45 a 49 años,Ambos sexos,Valor absoluto,2016T4,"514,4"
De 45 a 49 años,Ambos sexos,Valor absoluto,2016T3,"530,9"
De 45 a 49 años,Ambos sexos,Valor absoluto,2016T2,"534,6"
De 45 a 49 años,Ambos sexos,Valor absoluto,2016T1,"597,5"
De 45 a 49 años,Ambos sexos,Valor absoluto,2015T4,"598,2"
De 45 a 49 años,Ambos sexos,Valor absoluto,2015T3,"600,3"
De 45 a 49 años,Ambos sexos,Valor absoluto,2015T2,"649,4"
De 45 a 49 años,Ambos sexos,Valor absoluto,2015T1,"685,3"
De 45 a 49 años,Ambos sexos,Valor absoluto,2014T4,"650,5"
De 45 a 49 años,Ambos sexos,Valor absoluto,2014T3,"654,6"
De 45 a 49 años,Ambos sexos,Valor absoluto,2014T2,"701,7"
De 45 a 49 años,Ambos sexos,Valor absoluto,2014T1,"726,1"
De 45 a 49 años,Ambos sexos,Valor absoluto,2013T4,"693,7"
De 45 a 49 años,Ambos sexos,Valor absoluto,2013T3,"705,4"
De 45 a 49 años,Ambos sexos,Valor absoluto,2013T2,"738,7"
De 45 a 49 años,Ambos sexos,Valor absoluto,2013T1,"733,8"
De 45 a 49 años,Ambos sexos,Valor absoluto,2012T4,"685,5"
De 45 a 49 años,Ambos sexos,Valor absoluto,2012T3,"664,8"
De 45 a 49 años,Ambos sexos,Valor absoluto,2012T2,"652,4"
De 45 a 49 años,Ambos sexos,Valor absoluto,2012T1,"625,2"
De 45 a 49 años,Ambos sexos,Valor absoluto,2011T4,"580,0"
De 45 a 49 años,Ambos sexos,Valor absoluto,2011T3,"526,4"
De 45 a 49 años,Ambos sexos,Valor absoluto,2011T2,"497,4"
De 45 a 49 años,Ambos sexos,Valor absoluto,2011T1,"527,6"
De 45 a 49 años,Ambos sexos,Valor absoluto,2010T4,"470,2"
De 45 a 49 años,Ambos sexos,Valor absoluto,2010T3,"440,4"
De 45 a 49 años,Ambos sexos,Valor absoluto,2010T2,"467,8"
De 45 a 49 años,Ambos sexos,Valor absoluto,2010T1,"469,2"
De 45 a 49 años,Ambos sexos,Valor absoluto,2009T4,"411,4"
De 45 a 49 años,Ambos sexos,Valor absoluto,2009T3,"377,6"
De 45 a 49 años,Ambos sexos,Valor absoluto,2009T2,"394,2"
De 45 a 49 años,Ambos sexos,Valor absoluto,2009T1,"391,2"
De 45 a 49 años,Ambos sexos,Valor absoluto,2008T4,"293,5"
De 45 a 49 años,Ambos sexos,Valor absoluto,2008T3,"225,2"
De 45 a 49 años,Ambos sexos,Valor absoluto,2008T2,"211,4"
De 45 a 49 años,Ambos sexos,Valor absoluto,2008T1,"193,2"
De 45 a 49 años,Ambos sexos,Valor absoluto,2007T4,"185,5"
De 45 a 49 años,Ambos sexos,Valor absoluto,2007T3,"164,6"
De 45 a 49 años,Ambos sexos,Valor absoluto,2007T2,"151,8"
De 45 a 49 años,Ambos sexos,Valor absoluto,2007T1,"151,6"
De 45 a 49 años,Ambos sexos,Valor absoluto,2006T4,"149,1"
De 45 a 49 años,Ambos sexos,Valor absoluto,2006T3,"139,2"
De 45 a 49 años,Ambos sexos,Valor absoluto,2006T2,"132,2"
De 45 a 49 años,Ambos sexos,Valor absoluto,2006T1,"157,8"
De 45 a 49 años,Ambos sexos,Valor absoluto,2005T4,"157,2"
De 45 a 49 años,Ambos sexos,Valor absoluto,2005T3,"140,1"
De 45 a 49 años,Ambos sexos,Valor absoluto,2005T2,"152,3"
De 45 a 49 años,Ambos sexos,Valor absoluto,2005T1,"168,1"
De 45 a 49 años,Ambos sexos,Valor absoluto,2004T4,"179,1"
De 45 a 49 años,Ambos sexos,Valor absoluto,2004T3,"175,6"
De 45 a 49 años,Ambos sexos,Valor absoluto,2004T2,"174,3"
De 45 a 49 años,Ambos sexos,Valor absoluto,2004T1,"171,3"
De 45 a 49 años,Ambos sexos,Valor absoluto,2003T4,"171,0"
De 45 a 49 años,Ambos sexos,Valor absoluto,2003T3,"157,9"
De 45 a 49 años,Ambos sexos,Valor absoluto,2003T2,"167,2"
De 45 a 49 años,Ambos sexos,Valor absoluto,2003T1,"180,5"
De 45 a 49 años,Ambos sexos,Valor absoluto,2002T4,"168,3"
De 45 a 49 años,Ambos sexos,Valor absoluto,2002T3,"162,8"
De 45 a 49 años,Ambos sexos,Valor absoluto,2002T2,"155,2"
De 45 a 49 años,Ambos sexos,Valor absoluto,2002T1,"149,5"
De 50 a 54 años,Ambos sexos,Valor absoluto,2023T3,"311,4"
De 50 a 54 años,Ambos sexos,Valor absoluto,2023T2,"303,4"
De 50 a 54 años,Ambos sexos,Valor absoluto,2023T1,"361,0"
De 50 a 54 años,Ambos sexos,Valor absoluto,2022T4,"371,2"
De 50 a 54 años,Ambos sexos,Valor absoluto,2022T3,"363,9"
De 50 a 54 años,Ambos sexos,Valor absoluto,2022T2,"366,1"
De 50 a 54 años,Ambos sexos,Valor absoluto,2022T1,"400,9"
De 50 a 54 años,Ambos sexos,Valor absoluto,2021T4,"365,4"
De 50 a 54 años,Ambos sexos,Valor absoluto,2021T3,"370,1"
De 50 a 54 años,Ambos sexos,Valor absoluto,2021T2,"382,8"
De 50 a 54 años,Ambos sexos,Valor absoluto,2021T1,"392,0"
De 50 a 54 años,Ambos sexos,Valor absoluto,2020T4,"394,5"
De 50 a 54 años,Ambos sexos,Valor absoluto,2020T3,"368,0"
De 50 a 54 años,Ambos sexos,Valor absoluto,2020T2,"343,5"
De 50 a 54 años,Ambos sexos,Valor absoluto,2020T1,"371,5"
De 50 a 54 años,Ambos sexos,Valor absoluto,2019T4,"358,2"
De 50 a 54 años,Ambos sexos,Valor absoluto,2019T3,"367,9"
De 50 a 54 años,Ambos sexos,Valor absoluto,2019T2,"388,1"
De 50 a 54 años,Ambos sexos,Valor absoluto,2019T1,"398,0"
De 50 a 54 años,Ambos sexos,Valor absoluto,2018T4,"382,1"
De 50 a 54 años,Ambos sexos,Valor absoluto,2018T3,"375,9"
De 50 a 54 años,Ambos sexos,Valor absoluto,2018T2,"397,8"
De 50 a 54 años,Ambos sexos,Valor absoluto,2018T1,"446,1"
De 50 a 54 años,Ambos sexos,Valor absoluto,2017T4,"424,7"
De 50 a 54 años,Ambos sexos,Valor absoluto,2017T3,"410,3"
De 50 a 54 años,Ambos sexos,Valor absoluto,2017T2,"443,9"
De 50 a 54 años,Ambos sexos,Valor absoluto,2017T1,"482,6"
De 50 a 54 años,Ambos sexos,Valor absoluto,2016T4,"470,3"
De 50 a 54 años,Ambos sexos,Valor absoluto,2016T3,"474,2"
De 50 a 54 años,Ambos sexos,Valor absoluto,2016T2,"513,5"
De 50 a 54 años,Ambos sexos,Valor absoluto,2016T1,"510,2"
De 50 a 54 años,Ambos sexos,Valor absoluto,2015T4,"497,0"
De 50 a 54 años,Ambos sexos,Valor absoluto,2015T3,"512,7"
De 50 a 54 años,Ambos sexos,Valor absoluto,2015T2,"537,7"
De 50 a 54 años,Ambos sexos,Valor absoluto,2015T1,"557,7"
De 50 a 54 años,Ambos sexos,Valor absoluto,2014T4,"553,2"
De 50 a 54 años,Ambos sexos,Valor absoluto,2014T3,"539,6"
De 50 a 54 años,Ambos sexos,Valor absoluto,2014T2,"561,5"
De 50 a 54 años,Ambos sexos,Valor absoluto,2014T1,"577,2"
De 50 a 54 años,Ambos sexos,Valor absoluto,2013T4,"584,8"
De 50 a 54 años,Ambos sexos,Valor absoluto,2013T3,"564,9"
De 50 a 54 años,Ambos sexos,Valor absoluto,2013T2,"546,2"
De 50 a 54 años,Ambos sexos,Valor absoluto,2013T1,"553,7"
De 50 a 54 años,Ambos sexos,Valor absoluto,2012T4,"520,3"
De 50 a 54 años,Ambos sexos,Valor absoluto,2012T3,"521,9"
De 50 a 54 años,Ambos sexos,Valor absoluto,2012T2,"498,9"
De 50 a 54 años,Ambos sexos,Valor absoluto,2012T1,"492,8"
De 50 a 54 años,Ambos sexos,Valor absoluto,2011T4,"433,5"
De 50 a 54 años,Ambos sexos,Valor absoluto,2011T3,"411,9"
De 50 a 54 años,Ambos sexos,Valor absoluto,2011T2,"386,3"
De 50 a 54 años,Ambos sexos,Valor absoluto,2011T1,"385,9"
De 50 a 54 años,Ambos sexos,Valor absoluto,2010T4,"377,3"
De 50 a 54 años,Ambos sexos,Valor absoluto,2010T3,"332,9"
De 50 a 54 años,Ambos sexos,Valor absoluto,2010T2,"358,5"
De 50 a 54 años,Ambos sexos,Valor absoluto,2010T1,"338,2"
De 50 a 54 años,Ambos sexos,Valor absoluto,2009T4,"310,1"
De 50 a 54 años,Ambos sexos,Valor absoluto,2009T3,"279,8"
De 50 a 54 años,Ambos sexos,Valor absoluto,2009T2,"285,0"
De 50 a 54 años,Ambos sexos,Valor absoluto,2009T1,"267,4"
De 50 a 54 años,Ambos sexos,Valor absoluto,2008T4,"209,7"
De 50 a 54 años,Ambos sexos,Valor absoluto,2008T3,"170,5"
De 50 a 54 años,Ambos sexos,Valor absoluto,2008T2,"164,8"
De 50 a 54 años,Ambos sexos,Valor absoluto,2008T1,"158,4"
De 50 a 54 años,Ambos sexos,Valor absoluto,2007T4,"139,1"
De 50 a 54 años,Ambos sexos,Valor absoluto,2007T3,"121,4"
De 50 a 54 años,Ambos sexos,Valor absoluto,2007T2,"128,4"
De 50 a 54 años,Ambos sexos,Valor absoluto,2007T1,"130,2"
De 50 a 54 años,Ambos sexos,Valor absoluto,2006T4,"119,6"
De 50 a 54 años,Ambos sexos,Valor absoluto,2006T3,"111,4"
De 50 a 54 años,Ambos sexos,Valor absoluto,2006T2,"115,7"
De 50 a 54 años,Ambos sexos,Valor absoluto,2006T1,"122,3"
De 50 a 54 años,Ambos sexos,Valor absoluto,2005T4,"104,1"
De 50 a 54 años,Ambos sexos,Valor absoluto,2005T3,"103,0"
De 50 a 54 años,Ambos sexos,Valor absoluto,2005T2,"112,7"
De 50 a 54 años,Ambos sexos,Valor absoluto,2005T1,"118,5"
De 50 a 54 años,Ambos sexos,Valor absoluto,2004T4,"129,5"
De 50 a 54 años,Ambos sexos,Valor absoluto,2004T3,"123,4"
De 50 a 54 años,Ambos sexos,Valor absoluto,2004T2,"128,3"
De 50 a 54 años,Ambos sexos,Valor absoluto,2004T1,"127,1"
De 50 a 54 años,Ambos sexos,Valor absoluto,2003T4,"124,5"
De 50 a 54 años,Ambos sexos,Valor absoluto,2003T3,"116,9"
De 50 a 54 años,Ambos sexos,Valor absoluto,2003T2,"118,6"
De 50 a 54 años,Ambos sexos,Valor absoluto,2003T1,"134,4"
De 50 a 54 años,Ambos sexos,Valor absoluto,2002T4,"121,6"
De 50 a 54 años,Ambos sexos,Valor absoluto,2002T3,"123,8"
De 50 a 54 años,Ambos sexos,Valor absoluto,2002T2,"126,9"
De 50 a 54 años,Ambos sexos,Valor absoluto,2002T1,"121,7"
De 55 a 59 años,Ambos sexos,Valor absoluto,2023T3,"301,8"
De 55 a 59 años,Ambos sexos,Valor absoluto,2023T2,"309,6"
De 55 a 59 años,Ambos sexos,Valor absoluto,2023T1,"324,9"
De 55 a 59 años,Ambos sexos,Valor absoluto,2022T4,"294,3"
De 55 a 59 años,Ambos sexos,Valor absoluto,2022T3,"280,9"
De 55 a 59 años,Ambos sexos,Valor absoluto,2022T2,"311,0"
De 55 a 59 años,Ambos sexos,Valor absoluto,2022T1,"325,9"
De 55 a 59 años,Ambos sexos,Valor absoluto,2021T4,"332,6"
De 55 a 59 años,Ambos sexos,Valor absoluto,2021T3,"373,1"
De 55 a 59 años,Ambos sexos,Valor absoluto,2021T2,"346,2"
De 55 a 59 años,Ambos sexos,Valor absoluto,2021T1,"357,3"
De 55 a 59 años,Ambos sexos,Valor absoluto,2020T4,"333,8"
De 55 a 59 años,Ambos sexos,Valor absoluto,2020T3,"311,8"
De 55 a 59 años,Ambos sexos,Valor absoluto,2020T2,"289,1"
De 55 a 59 años,Ambos sexos,Valor absoluto,2020T1,"318,8"
De 55 a 59 años,Ambos sexos,Valor absoluto,2019T4,"318,2"
De 55 a 59 años,Ambos sexos,Valor absoluto,2019T3,"298,7"
De 55 a 59 años,Ambos sexos,Valor absoluto,2019T2,"305,5"
De 55 a 59 años,Ambos sexos,Valor absoluto,2019T1,"317,5"
De 55 a 59 años,Ambos sexos,Valor absoluto,2018T4,"312,7"
De 55 a 59 años,Ambos sexos,Valor absoluto,2018T3,"299,6"
De 55 a 59 años,Ambos sexos,Valor absoluto,2018T2,"333,9"
De 55 a 59 años,Ambos sexos,Valor absoluto,2018T1,"360,5"
De 55 a 59 años,Ambos sexos,Valor absoluto,2017T4,"354,0"
De 55 a 59 años,Ambos sexos,Valor absoluto,2017T3,"344,4"
De 55 a 59 años,Ambos sexos,Valor absoluto,2017T2,"359,1"
De 55 a 59 años,Ambos sexos,Valor absoluto,2017T1,"376,1"
De 55 a 59 años,Ambos sexos,Valor absoluto,2016T4,"382,5"
De 55 a 59 años,Ambos sexos,Valor absoluto,2016T3,"377,5"
De 55 a 59 años,Ambos sexos,Valor absoluto,2016T2,"391,5"
De 55 a 59 años,Ambos sexos,Valor absoluto,2016T1,"410,1"
De 55 a 59 años,Ambos sexos,Valor absoluto,2015T4,"415,8"
De 55 a 59 años,Ambos sexos,Valor absoluto,2015T3,"414,0"
De 55 a 59 años,Ambos sexos,Valor absoluto,2015T2,"411,6"
De 55 a 59 años,Ambos sexos,Valor absoluto,2015T1,"419,1"
De 55 a 59 años,Ambos sexos,Valor absoluto,2014T4,"440,7"
De 55 a 59 años,Ambos sexos,Valor absoluto,2014T3,"424,8"
De 55 a 59 años,Ambos sexos,Valor absoluto,2014T2,"435,4"
De 55 a 59 años,Ambos sexos,Valor absoluto,2014T1,"420,3"
De 55 a 59 años,Ambos sexos,Valor absoluto,2013T4,"409,3"
De 55 a 59 años,Ambos sexos,Valor absoluto,2013T3,"384,9"
De 55 a 59 años,Ambos sexos,Valor absoluto,2013T2,"402,5"
De 55 a 59 años,Ambos sexos,Valor absoluto,2013T1,"399,6"
De 55 a 59 años,Ambos sexos,Valor absoluto,2012T4,"373,2"
De 55 a 59 años,Ambos sexos,Valor absoluto,2012T3,"354,2"
De 55 a 59 años,Ambos sexos,Valor absoluto,2012T2,"342,7"
De 55 a 59 años,Ambos sexos,Valor absoluto,2012T1,"336,5"
De 55 a 59 años,Ambos sexos,Valor absoluto,2011T4,"317,1"
De 55 a 59 años,Ambos sexos,Valor absoluto,2011T3,"278,3"
De 55 a 59 años,Ambos sexos,Valor absoluto,2011T2,"264,1"
De 55 a 59 años,Ambos sexos,Valor absoluto,2011T1,"266,1"
De 55 a 59 años,Ambos sexos,Valor absoluto,2010T4,"259,7"
De 55 a 59 años,Ambos sexos,Valor absoluto,2010T3,"256,2"
De 55 a 59 años,Ambos sexos,Valor absoluto,2010T2,"241,3"
De 55 a 59 años,Ambos sexos,Valor absoluto,2010T1,"244,6"
De 55 a 59 años,Ambos sexos,Valor absoluto,2009T4,"217,8"
De 55 a 59 años,Ambos sexos,Valor absoluto,2009T3,"201,6"
De 55 a 59 años,Ambos sexos,Valor absoluto,2009T2,"208,9"
De 55 a 59 años,Ambos sexos,Valor absoluto,2009T1,"185,8"
De 55 a 59 años,Ambos sexos,Valor absoluto,2008T4,"146,1"
De 55 a 59 años,Ambos sexos,Valor absoluto,2008T3,"113,1"
De 55 a 59 años,Ambos sexos,Valor absoluto,2008T2,"111,3"
De 55 a 59 años,Ambos sexos,Valor absoluto,2008T1,"103,2"
De 55 a 59 años,Ambos sexos,Valor absoluto,2007T4,"97,3"
De 55 a 59 años,Ambos sexos,Valor absoluto,2007T3,"89,5"
De 55 a 59 años,Ambos sexos,Valor absoluto,2007T2,"88,5"
De 55 a 59 años,Ambos sexos,Valor absoluto,2007T1,"89,4"
De 55 a 59 años,Ambos sexos,Valor absoluto,2006T4,"83,4"
De 55 a 59 años,Ambos sexos,Valor absoluto,2006T3,"85,6"
De 55 a 59 años,Ambos sexos,Valor absoluto,2006T2,"85,4"
De 55 a 59 años,Ambos sexos,Valor absoluto,2006T1,"97,4"
De 55 a 59 años,Ambos sexos,Valor absoluto,2005T4,"87,1"
De 55 a 59 años,Ambos sexos,Valor absoluto,2005T3,"74,7"
De 55 a 59 años,Ambos sexos,Valor absoluto,2005T2,"99,9"
De 55 a 59 años,Ambos sexos,Valor absoluto,2005T1,"98,0"
De 55 a 59 años,Ambos sexos,Valor absoluto,2004T4,"95,1"
De 55 a 59 años,Ambos sexos,Valor absoluto,2004T3,"93,7"
De 55 a 59 años,Ambos sexos,Valor absoluto,2004T2,"95,4"
De 55 a 59 años,Ambos sexos,Valor absoluto,2004T1,"90,5"
De 55 a 59 años,Ambos sexos,Valor absoluto,2003T4,"86,7"
De 55 a 59 años,Ambos sexos,Valor absoluto,2003T3,"99,3"
De 55 a 59 años,Ambos sexos,Valor absoluto,2003T2,"91,1"
De 55 a 59 años,Ambos sexos,Valor absoluto,2003T1,"91,0"
De 55 a 59 años,Ambos sexos,Valor absoluto,2002T4,"95,5"
De 55 a 59 años,Ambos sexos,Valor absoluto,2002T3,"94,4"
De 55 a 59 años,Ambos sexos,Valor absoluto,2002T2,"86,9"
De 55 a 59 años,Ambos sexos,Valor absoluto,2002T1,"88,4"
De 60 a 64 años,Ambos sexos,Valor absoluto,2023T3,"206,3"
De 60 a 64 años,Ambos sexos,Valor absoluto,2023T2,"200,8"
De 60 a 64 años,Ambos sexos,Valor absoluto,2023T1,"217,2"
De 60 a 64 años,Ambos sexos,Valor absoluto,2022T4,"211,8"
De 60 a 64 años,Ambos sexos,Valor absoluto,2022T3,"192,7"
De 60 a 64 años,Ambos sexos,Valor absoluto,2022T2,"213,6"
De 60 a 64 años,Ambos sexos,Valor absoluto,2022T1,"214,7"
De 60 a 64 años,Ambos sexos,Valor absoluto,2021T4,"215,2"
De 60 a 64 años,Ambos sexos,Valor absoluto,2021T3,"237,7"
De 60 a 64 años,Ambos sexos,Valor absoluto,2021T2,"201,3"
De 60 a 64 años,Ambos sexos,Valor absoluto,2021T1,"182,4"
De 60 a 64 años,Ambos sexos,Valor absoluto,2020T4,"194,1"
De 60 a 64 años,Ambos sexos,Valor absoluto,2020T3,"184,8"
De 60 a 64 años,Ambos sexos,Valor absoluto,2020T2,"171,0"
De 60 a 64 años,Ambos sexos,Valor absoluto,2020T1,"177,3"
De 60 a 64 años,Ambos sexos,Valor absoluto,2019T4,"181,5"
De 60 a 64 años,Ambos sexos,Valor absoluto,2019T3,"163,1"
De 60 a 64 años,Ambos sexos,Valor absoluto,2019T2,"170,4"
De 60 a 64 años,Ambos sexos,Valor absoluto,2019T1,"164,1"
De 60 a 64 años,Ambos sexos,Valor absoluto,2018T4,"175,0"
De 60 a 64 años,Ambos sexos,Valor absoluto,2018T3,"154,3"
De 60 a 64 años,Ambos sexos,Valor absoluto,2018T2,"169,0"
De 60 a 64 años,Ambos sexos,Valor absoluto,2018T1,"184,7"
De 60 a 64 años,Ambos sexos,Valor absoluto,2017T4,"170,4"
De 60 a 64 años,Ambos sexos,Valor absoluto,2017T3,"170,5"
De 60 a 64 años,Ambos sexos,Valor absoluto,2017T2,"177,5"
De 60 a 64 años,Ambos sexos,Valor absoluto,2017T1,"177,0"
De 60 a 64 años,Ambos sexos,Valor absoluto,2016T4,"184,8"
De 60 a 64 años,Ambos sexos,Valor absoluto,2016T3,"182,7"
De 60 a 64 años,Ambos sexos,Valor absoluto,2016T2,"179,1"
De 60 a 64 años,Ambos sexos,Valor absoluto,2016T1,"183,1"
De 60 a 64 años,Ambos sexos,Valor absoluto,2015T4,"186,8"
De 60 a 64 años,Ambos sexos,Valor absoluto,2015T3,"175,8"
De 60 a 64 años,Ambos sexos,Valor absoluto,2015T2,"174,6"
De 60 a 64 años,Ambos sexos,Valor absoluto,2015T1,"173,4"
De 60 a 64 años,Ambos sexos,Valor absoluto,2014T4,"165,7"
De 60 a 64 años,Ambos sexos,Valor absoluto,2014T3,"161,4"
De 60 a 64 años,Ambos sexos,Valor absoluto,2014T2,"168,2"
De 60 a 64 años,Ambos sexos,Valor absoluto,2014T1,"174,4"
De 60 a 64 años,Ambos sexos,Valor absoluto,2013T4,"169,8"
De 60 a 64 años,Ambos sexos,Valor absoluto,2013T3,"183,6"
De 60 a 64 años,Ambos sexos,Valor absoluto,2013T2,"166,5"
De 60 a 64 años,Ambos sexos,Valor absoluto,2013T1,"182,0"
De 60 a 64 años,Ambos sexos,Valor absoluto,2012T4,"158,1"
De 60 a 64 años,Ambos sexos,Valor absoluto,2012T3,"153,0"
De 60 a 64 años,Ambos sexos,Valor absoluto,2012T2,"155,4"
De 60 a 64 años,Ambos sexos,Valor absoluto,2012T1,"139,6"
De 60 a 64 años,Ambos sexos,Valor absoluto,2011T4,"131,6"
De 60 a 64 años,Ambos sexos,Valor absoluto,2011T3,"128,2"
De 60 a 64 años,Ambos sexos,Valor absoluto,2011T2,"118,0"
De 60 a 64 años,Ambos sexos,Valor absoluto,2011T1,"114,4"
De 60 a 64 años,Ambos sexos,Valor absoluto,2010T4,"120,8"
De 60 a 64 años,Ambos sexos,Valor absoluto,2010T3,"110,2"
De 60 a 64 años,Ambos sexos,Valor absoluto,2010T2,"115,9"
De 60 a 64 años,Ambos sexos,Valor absoluto,2010T1,"102,1"
De 60 a 64 años,Ambos sexos,Valor absoluto,2009T4,"105,0"
De 60 a 64 años,Ambos sexos,Valor absoluto,2009T3,"98,6"
De 60 a 64 años,Ambos sexos,Valor absoluto,2009T2,"97,8"
De 60 a 64 años,Ambos sexos,Valor absoluto,2009T1,"84,4"
De 60 a 64 años,Ambos sexos,Valor absoluto,2008T4,"69,9"
De 60 a 64 años,Ambos sexos,Valor absoluto,2008T3,"58,6"
De 60 a 64 años,Ambos sexos,Valor absoluto,2008T2,"50,6"
De 60 a 64 años,Ambos sexos,Valor absoluto,2008T1,"55,2"
De 60 a 64 años,Ambos sexos,Valor absoluto,2007T4,"45,2"
De 60 a 64 años,Ambos sexos,Valor absoluto,2007T3,"42,8"
De 60 a 64 años,Ambos sexos,Valor absoluto,2007T2,"42,0"
De 60 a 64 años,Ambos sexos,Valor absoluto,2007T1,"47,3"
De 60 a 64 años,Ambos sexos,Valor absoluto,2006T4,"39,8"
De 60 a 64 años,Ambos sexos,Valor absoluto,2006T3,"36,0"
De 60 a 64 años,Ambos sexos,Valor absoluto,2006T2,"37,8"
De 60 a 64 años,Ambos sexos,Valor absoluto,2006T1,"36,3"
De 60 a 64 años,Ambos sexos,Valor absoluto,2005T4,"39,3"
De 60 a 64 años,Ambos sexos,Valor absoluto,2005T3,"36,6"
De 60 a 64 años,Ambos sexos,Valor absoluto,2005T2,"46,8"
De 60 a 64 años,Ambos sexos,Valor absoluto,2005T1,"46,7"
De 60 a 64 años,Ambos sexos,Valor absoluto,2004T4,"47,8"
De 60 a 64 años,Ambos sexos,Valor absoluto,2004T3,"51,2"
De 60 a 64 años,Ambos sexos,Valor absoluto,2004T2,"50,7"
De 60 a 64 años,Ambos sexos,Valor absoluto,2004T1,"45,4"
De 60 a 64 años,Ambos sexos,Valor absoluto,2003T4,"44,6"
De 60 a 64 años,Ambos sexos,Valor absoluto,2003T3,"44,4"
De 60 a 64 años,Ambos sexos,Valor absoluto,2003T2,"35,1"
De 60 a 64 años,Ambos sexos,Valor absoluto,2003T1,"36,7"
De 60 a 64 años,Ambos sexos,Valor absoluto,2002T4,"36,2"
De 60 a 64 años,Ambos sexos,Valor absoluto,2002T3,"37,9"
De 60 a 64 años,Ambos sexos,Valor absoluto,2002T2,"37,4"
De 60 a 64 años,Ambos sexos,Valor absoluto,2002T1,"37,9"
De 65 a 69 años,Ambos sexos,Valor absoluto,2023T3,"23,1"
De 65 a 69 años,Ambos sexos,Valor absoluto,2023T2,"23,8"
De 65 a 69 años,Ambos sexos,Valor absoluto,2023T1,"21,4"
De 65 a 69 años,Ambos sexos,Valor absoluto,2022T4,"15,3"
De 65 a 69 años,Ambos sexos,Valor absoluto,2022T3,"15,6"
De 65 a 69 años,Ambos sexos,Valor absoluto,2022T2,"15,2"
De 65 a 69 años,Ambos sexos,Valor absoluto,2022T1,"20,7"
De 65 a 69 años,Ambos sexos,Valor absoluto,2021T4,"16,9"
De 65 a 69 años,Ambos sexos,Valor absoluto,2021T3,"17,9"
De 65 a 69 años,Ambos sexos,Valor absoluto,2021T2,"14,3"
De 65 a 69 años,Ambos sexos,Valor absoluto,2021T1,"11,7"
De 65 a 69 años,Ambos sexos,Valor absoluto,2020T4,"13,8"
De 65 a 69 años,Ambos sexos,Valor absoluto,2020T3,"12,9"
De 65 a 69 años,Ambos sexos,Valor absoluto,2020T2,"13,5"
De 65 a 69 años,Ambos sexos,Valor absoluto,2020T1,"11,8"
De 65 a 69 años,Ambos sexos,Valor absoluto,2019T4,"10,1"
De 65 a 69 años,Ambos sexos,Valor absoluto,2019T3,"9,9"
De 65 a 69 años,Ambos sexos,Valor absoluto,2019T2,"16,2"
De 65 a 69 años,Ambos sexos,Valor absoluto,2019T1,"11,1"
De 65 a 69 años,Ambos sexos,Valor absoluto,2018T4,"9,5"
De 65 a 69 años,Ambos sexos,Valor absoluto,2018T3,"8,9"
De 65 a 69 años,Ambos sexos,Valor absoluto,2018T2,"8,5"
De 65 a 69 años,Ambos sexos,Valor absoluto,2018T1,"7,9"
De 65 a 69 años,Ambos sexos,Valor absoluto,2017T4,"7,3"
De 65 a 69 años,Ambos sexos,Valor absoluto,2017T3,"8,4"
De 65 a 69 años,Ambos sexos,Valor absoluto,2017T2,"4,9"
De 65 a 69 años,Ambos sexos,Valor absoluto,2017T1,"6,6"
De 65 a 69 años,Ambos sexos,Valor absoluto,2016T4,"5,4"
De 65 a 69 años,Ambos sexos,Valor absoluto,2016T3,"6,6"
De 65 a 69 años,Ambos sexos,Valor absoluto,2016T2,"5,0"
De 65 a 69 años,Ambos sexos,Valor absoluto,2016T1,"7,3"
De 65 a 69 años,Ambos sexos,Valor absoluto,2015T4,"6,4"
De 65 a 69 años,Ambos sexos,Valor absoluto,2015T3,"5,6"
De 65 a 69 años,Ambos sexos,Valor absoluto,2015T2,"5,0"
De 65 a 69 años,Ambos sexos,Valor absoluto,2015T1,"6,2"
De 65 a 69 años,Ambos sexos,Valor absoluto,2014T4,"6,8"
De 65 a 69 años,Ambos sexos,Valor absoluto,2014T3,"5,8"
De 65 a 69 años,Ambos sexos,Valor absoluto,2014T2,"5,8"
De 65 a 69 años,Ambos sexos,Valor absoluto,2014T1,"7,9"
De 65 a 69 años,Ambos sexos,Valor absoluto,2013T4,"12,0"
De 65 a 69 años,Ambos sexos,Valor absoluto,2013T3,"9,0"
De 65 a 69 años,Ambos sexos,Valor absoluto,2013T2,"7,1"
De 65 a 69 años,Ambos sexos,Valor absoluto,2013T1,"7,8"
De 65 a 69 años,Ambos sexos,Valor absoluto,2012T4,"6,8"
De 65 a 69 años,Ambos sexos,Valor absoluto,2012T3,"6,8"
De 65 a 69 años,Ambos sexos,Valor absoluto,2012T2,"6,4"
De 65 a 69 años,Ambos sexos,Valor absoluto,2012T1,"4,0"
De 65 a 69 años,Ambos sexos,Valor absoluto,2011T4,"4,0"
De 65 a 69 años,Ambos sexos,Valor absoluto,2011T3,"1,0"
De 65 a 69 años,Ambos sexos,Valor absoluto,2011T2,"1,1"
De 65 a 69 años,Ambos sexos,Valor absoluto,2011T1,"3,0"
De 65 a 69 años,Ambos sexos,Valor absoluto,2010T4,"2,4"
De 65 a 69 años,Ambos sexos,Valor absoluto,2010T3,"3,0"
De 65 a 69 años,Ambos sexos,Valor absoluto,2010T2,"5,4"
De 65 a 69 años,Ambos sexos,Valor absoluto,2010T1,"3,1"
De 65 a 69 años,Ambos sexos,Valor absoluto,2009T4,"7,1"
De 65 a 69 años,Ambos sexos,Valor absoluto,2009T3,"2,9"
De 65 a 69 años,Ambos sexos,Valor absoluto,2009T2,"2,7"
De 65 a 69 años,Ambos sexos,Valor absoluto,2009T1,"3,5"
De 65 a 69 años,Ambos sexos,Valor absoluto,2008T4,"4,0"
De 65 a 69 años,Ambos sexos,Valor absoluto,2008T3,"3,8"
De 65 a 69 años,Ambos sexos,Valor absoluto,2008T2,"4,6"
De 65 a 69 años,Ambos sexos,Valor absoluto,2008T1,"2,6"
De 65 a 69 años,Ambos sexos,Valor absoluto,2007T4,"1,0"
De 65 a 69 años,Ambos sexos,Valor absoluto,2007T3,"1,1"
De 65 a 69 años,Ambos sexos,Valor absoluto,2007T2,"2,1"
De 65 a 69 años,Ambos sexos,Valor absoluto,2007T1,"2,7"
De 65 a 69 años,Ambos sexos,Valor absoluto,2006T4,"2,3"
De 65 a 69 años,Ambos sexos,Valor absoluto,2006T3,"1,3"
De 65 a 69 años,Ambos sexos,Valor absoluto,2006T2,"2,6"
De 65 a 69 años,Ambos sexos,Valor absoluto,2006T1,"2,4"
De 65 a 69 años,Ambos sexos,Valor absoluto,2005T4,"1,6"
De 65 a 69 años,Ambos sexos,Valor absoluto,2005T3,"4,1"
De 65 a 69 años,Ambos sexos,Valor absoluto,2005T2,"2,8"
De 65 a 69 años,Ambos sexos,Valor absoluto,2005T1,"2,0"
De 65 a 69 años,Ambos sexos,Valor absoluto,2004T4,"1,2"
De 65 a 69 años,Ambos sexos,Valor absoluto,2004T3,"0,7"
De 65 a 69 años,Ambos sexos,Valor absoluto,2004T2,"1,9"
De 65 a 69 años,Ambos sexos,Valor absoluto,2004T1,"1,8"
De 65 a 69 años,Ambos sexos,Valor absoluto,2003T4,"1,3"
De 65 a 69 años,Ambos sexos,Valor absoluto,2003T3,"1,2"
De 65 a 69 años,Ambos sexos,Valor absoluto,2003T2,"2,2"
De 65 a 69 años,Ambos sexos,Valor absoluto,2003T1,"1,7"
De 65 a 69 años,Ambos sexos,Valor absoluto,2002T4,"1,5"
De 65 a 69 años,Ambos sexos,Valor absoluto,2002T3,"0,7"
De 65 a 69 años,Ambos sexos,Valor absoluto,2002T2,"1,7"
De 65 a 69 años,Ambos sexos,Valor absoluto,2002T1,"1,8"
70 y más años,Ambos sexos,Valor absoluto,2023T3,"4,8"
70 y más años,Ambos sexos,Valor absoluto,2023T2,"0,8"
70 y más años,Ambos sexos,Valor absoluto,2023T1,"1,4"
70 y más años,Ambos sexos,Valor absoluto,2022T4,"2,5"
70 y más años,Ambos sexos,Valor absoluto,2022T3,"1,3"
70 y más años,Ambos sexos,Valor absoluto,2022T2,"3,4"
70 y más años,Ambos sexos,Valor absoluto,2022T1,"1,6"
70 y más años,Ambos sexos,Valor absoluto,2021T4,"0,4"
70 y más años,Ambos sexos,Valor absoluto,2021T3,"1,1"
70 y más años,Ambos sexos,Valor absoluto,2021T2,"2,4"
70 y más años,Ambos sexos,Valor absoluto,2021T1,"1,2"
70 y más años,Ambos sexos,Valor absoluto,2020T4,..
70 y más años,Ambos sexos,Valor absoluto,2020T3,"2,0"
70 y más años,Ambos sexos,Valor absoluto,2020T2,"0,4"
70 y más años,Ambos sexos,Valor absoluto,2020T1,"0,6"
70 y más años,Ambos sexos,Valor absoluto,2019T4,"0,6"
70 y más años,Ambos sexos,Valor absoluto,2019T3,"1,0"
70 y más años,Ambos sexos,Valor absoluto,2019T2,..
70 y más años,Ambos sexos,Valor absoluto,2019T1,"0,2"
70 y más años,Ambos sexos,Valor absoluto,2018T4,"0,2"
70 y más años,Ambos sexos,Valor absoluto,2018T3,"0,2"
70 y más años,Ambos sexos,Valor absoluto,2018T2,"0,3"
70 y más años,Ambos sexos,Valor absoluto,2018T1,"0,2"
70 y más años,Ambos sexos,Valor absoluto,2017T4,"1,0"
70 y más años,Ambos sexos,Valor absoluto,2017T3,"0,7"
70 y más años,Ambos sexos,Valor absoluto,2017T2,"0,6"
70 y más años,Ambos sexos,Valor absoluto,2017T1,"0,4"
70 y más años,Ambos sexos,Valor absoluto,2016T4,"1,2"
70 y más años,Ambos sexos,Valor absoluto,2016T3,"1,1"
70 y más años,Ambos sexos,Valor absoluto,2016T2,"1,0"
70 y más años,Ambos sexos,Valor absoluto,2016T1,"1,6"
70 y más años,Ambos sexos,Valor absoluto,2015T4,"0,8"
70 y más años,Ambos sexos,Valor absoluto,2015T3,"0,5"
70 y más años,Ambos sexos,Valor absoluto,2015T2,"0,7"
70 y más años,Ambos sexos,Valor absoluto,2015T1,..
70 y más años,Ambos sexos,Valor absoluto,2014T4,"0,8"
70 y más años,Ambos sexos,Valor absoluto,2014T3,"1,1"
70 y más años,Ambos sexos,Valor absoluto,2014T2,"1,0"
70 y más años,Ambos sexos,Valor absoluto,2014T1,..
70 y más años,Ambos sexos,Valor absoluto,2013T4,"1,1"
70 y más años,Ambos sexos,Valor absoluto,2013T3,"0,2"
70 y más años,Ambos sexos,Valor absoluto,2013T2,..
70 y más años,Ambos sexos,Valor absoluto,2013T1,"0,1"
70 y más años,Ambos sexos,Valor absoluto,2012T4,"0,5"
70 y más años,Ambos sexos,Valor absoluto,2012T3,..
70 y más años,Ambos sexos,Valor absoluto,2012T2,"0,1"
70 y más años,Ambos sexos,Valor absoluto,2012T1,"1,5"
70 y más años,Ambos sexos,Valor absoluto,2011T4,..
70 y más años,Ambos sexos,Valor absoluto,2011T3,"0,6"
70 y más años,Ambos sexos,Valor absoluto,2011T2,"1,6"
70 y más años,Ambos sexos,Valor absoluto,2011T1,"1,4"
70 y más años,Ambos sexos,Valor absoluto,2010T4,"0,8"
70 y más años,Ambos sexos,Valor absoluto,2010T3,"0,6"
70 y más años,Ambos sexos,Valor absoluto,2010T2,"0,3"
70 y más años,Ambos sexos,Valor absoluto,2010T1,..
70 y más años,Ambos sexos,Valor absoluto,2009T4,"0,5"
70 y más años,Ambos sexos,Valor absoluto,2009T3,..
70 y más años,Ambos sexos,Valor absoluto,2009T2,"0,4"
70 y más años,Ambos sexos,Valor absoluto,2009T1,..
70 y más años,Ambos sexos,Valor absoluto,2008T4,"0,3"
70 y más años,Ambos sexos,Valor absoluto,2008T3,"0,2"
70 y más años,Ambos sexos,Valor absoluto,2008T2,"0,3"
70 y más años,Ambos sexos,Valor absoluto,2008T1,..
70 y más años,Ambos sexos,Valor absoluto,2007T4,"0,2"
70 y más años,Ambos sexos,Valor absoluto,2007T3,"0,1"
70 y más años,Ambos sexos,Valor absoluto,2007T2,"0,3"
70 y más años,Ambos sexos,Valor absoluto,2007T1,"0,8"
70 y más años,Ambos sexos,Valor absoluto,2006T4,"0,8"
70 y más años,Ambos sexos,Valor absoluto,2006T3,"0,3"
70 y más años,Ambos sexos,Valor absoluto,2006T2,"0,1"
70 y más años,Ambos sexos,Valor absoluto,2006T1,"0,4"
70 y más años,Ambos sexos,Valor absoluto,2005T4,"0,3"
70 y más años,Ambos sexos,Valor absoluto,2005T3,"1,8"
70 y más años,Ambos sexos,Valor absoluto,2005T2,"0,4"
70 y más años,Ambos sexos,Valor absoluto,2005T1,"0,2"
70 y más años,Ambos sexos,Valor absoluto,2004T4,"0,5"
70 y más años,Ambos sexos,Valor absoluto,2004T3,"0,6"
70 y más años,Ambos sexos,Valor absoluto,2004T2,..
70 y más años,Ambos sexos,Valor absoluto,2004T1,..
70 y más años,Ambos sexos,Valor absoluto,2003T4,"1,1"
70 y más años,Ambos sexos,Valor absoluto,2003T3,"0,2"
70 y más años,Ambos sexos,Valor absoluto,2003T2,"0,1"
70 y más años,Ambos sexos,Valor absoluto,2003T1,"0,6"
70 y más años,Ambos sexos,Valor absoluto,2002T4,"0,2"
70 y más años,Ambos sexos,Valor absoluto,2002T3,..
70 y más años,Ambos sexos,Valor absoluto,2002T2,..
70 y más años,Ambos sexos,Valor absoluto,2002T1,"0,6"
