"","Periodo","Régimen.de.tenencia.de.la.vivienda.principal","Edad.de.la.persona.de.referencia","Sexo.de.la.persona.de.referencia","Porcentaje"
"1",2022,"Propiedad","Total","Ambos sexos",75.9
"2",2021,"Propiedad","Total","Ambos sexos",75.8
"3",2020,"Propiedad","Total","Ambos sexos",75.2
"4",2019,"Propiedad","Total","Ambos sexos",75.9
"5",2018,"Propiedad","Total","Ambos sexos",76.1
"6",2017,"Propiedad","Total","Ambos sexos",76.7
"7",2016,"Propiedad","Total","Ambos sexos",77.1
"8",2015,"Propiedad","Total","Ambos sexos",77.3
"9",2014,"Propiedad","Total","Ambos sexos",78
"10",2013,"Propiedad","Total","Ambos sexos",77.7
"11",2012,"Propiedad","Total","Ambos sexos",79.2
"12",2011,"Propiedad","Total","Ambos sexos",79.6
"13",2010,"Propiedad","Total","Ambos sexos",79.4
"14",2009,"Propiedad","Total","Ambos sexos",79.3
"15",2008,"Propiedad","Total","Ambos sexos",79.6
"16",2007,"Propiedad","Total","Ambos sexos",80.1
"17",2006,"Propiedad","Total","Ambos sexos",79.5
"18",2005,"Propiedad","Total","Ambos sexos",80.5
"19",2004,"Propiedad","Total","Ambos sexos",79.5
"20",2022,"Alquiler a precio de mercado","Total","Ambos sexos",15.1
"21",2021,"Alquiler a precio de mercado","Total","Ambos sexos",15.2
"22",2020,"Alquiler a precio de mercado","Total","Ambos sexos",14.7
"23",2019,"Alquiler a precio de mercado","Total","Ambos sexos",15.4
"24",2018,"Alquiler a precio de mercado","Total","Ambos sexos",14.8
"25",2017,"Alquiler a precio de mercado","Total","Ambos sexos",14.3
"26",2016,"Alquiler a precio de mercado","Total","Ambos sexos",13.8
"27",2015,"Alquiler a precio de mercado","Total","Ambos sexos",13.1
"28",2014,"Alquiler a precio de mercado","Total","Ambos sexos",12.4
"29",2013,"Alquiler a precio de mercado","Total","Ambos sexos",12.9
"30",2012,"Alquiler a precio de mercado","Total","Ambos sexos",12
"31",2011,"Alquiler a precio de mercado","Total","Ambos sexos",12.1
"32",2010,"Alquiler a precio de mercado","Total","Ambos sexos",11.4
"33",2009,"Alquiler a precio de mercado","Total","Ambos sexos",11.3
"34",2008,"Alquiler a precio de mercado","Total","Ambos sexos",11
"35",2007,"Alquiler a precio de mercado","Total","Ambos sexos",10.4
"36",2006,"Alquiler a precio de mercado","Total","Ambos sexos",10.3
"37",2005,"Alquiler a precio de mercado","Total","Ambos sexos",9.5
"38",2004,"Alquiler a precio de mercado","Total","Ambos sexos",10
"39",2022,"Alquiler inferior al precio de mercado","Total","Ambos sexos",3
"40",2021,"Alquiler inferior al precio de mercado","Total","Ambos sexos",2.8
"41",2020,"Alquiler inferior al precio de mercado","Total","Ambos sexos",3.3
"42",2019,"Alquiler inferior al precio de mercado","Total","Ambos sexos",2.7
"43",2018,"Alquiler inferior al precio de mercado","Total","Ambos sexos",2.7
"44",2017,"Alquiler inferior al precio de mercado","Total","Ambos sexos",2.6
"45",2016,"Alquiler inferior al precio de mercado","Total","Ambos sexos",2.5
"46",2015,"Alquiler inferior al precio de mercado","Total","Ambos sexos",2.5
"47",2014,"Alquiler inferior al precio de mercado","Total","Ambos sexos",2.5
"48",2013,"Alquiler inferior al precio de mercado","Total","Ambos sexos",2.5
"49",2012,"Alquiler inferior al precio de mercado","Total","Ambos sexos",2.5
"50",2011,"Alquiler inferior al precio de mercado","Total","Ambos sexos",2.8
"51",2010,"Alquiler inferior al precio de mercado","Total","Ambos sexos",3.1
"52",2009,"Alquiler inferior al precio de mercado","Total","Ambos sexos",3.3
"53",2008,"Alquiler inferior al precio de mercado","Total","Ambos sexos",3.2
"54",2007,"Alquiler inferior al precio de mercado","Total","Ambos sexos",3.2
"55",2006,"Alquiler inferior al precio de mercado","Total","Ambos sexos",3.2
"56",2005,"Alquiler inferior al precio de mercado","Total","Ambos sexos",3.5
"57",2004,"Alquiler inferior al precio de mercado","Total","Ambos sexos",3.9
"58",2022,"Cesión","Total","Ambos sexos",6.1
"59",2021,"Cesión","Total","Ambos sexos",6.2
"60",2020,"Cesión","Total","Ambos sexos",6.8
"61",2019,"Cesión","Total","Ambos sexos",6
"62",2018,"Cesión","Total","Ambos sexos",6.4
"63",2017,"Cesión","Total","Ambos sexos",6.4
"64",2016,"Cesión","Total","Ambos sexos",6.5
"65",2015,"Cesión","Total","Ambos sexos",7.1
"66",2014,"Cesión","Total","Ambos sexos",7
"67",2013,"Cesión","Total","Ambos sexos",6.9
"68",2012,"Cesión","Total","Ambos sexos",6.3
"69",2011,"Cesión","Total","Ambos sexos",5.5
"70",2010,"Cesión","Total","Ambos sexos",6.1
"71",2009,"Cesión","Total","Ambos sexos",6.1
"72",2008,"Cesión","Total","Ambos sexos",6.1
"73",2007,"Cesión","Total","Ambos sexos",6.3
"74",2006,"Cesión","Total","Ambos sexos",7
"75",2005,"Cesión","Total","Ambos sexos",6.4
"76",2004,"Cesión","Total","Ambos sexos",6.7
"77",2022,"Propiedad","De 16 a 29 años","Ambos sexos",30.7
"78",2021,"Propiedad","De 16 a 29 años","Ambos sexos",32.5
"79",2020,"Propiedad","De 16 a 29 años","Ambos sexos",31.8
"80",2019,"Propiedad","De 16 a 29 años","Ambos sexos",25.5
"81",2018,"Propiedad","De 16 a 29 años","Ambos sexos",29.6
"82",2017,"Propiedad","De 16 a 29 años","Ambos sexos",26.5
"83",2016,"Propiedad","De 16 a 29 años","Ambos sexos",28.4
"84",2015,"Propiedad","De 16 a 29 años","Ambos sexos",34.2
"85",2014,"Propiedad","De 16 a 29 años","Ambos sexos",34.2
"86",2013,"Propiedad","De 16 a 29 años","Ambos sexos",38.5
"87",2012,"Propiedad","De 16 a 29 años","Ambos sexos",42.5
"88",2011,"Propiedad","De 16 a 29 años","Ambos sexos",46.4
"89",2010,"Propiedad","De 16 a 29 años","Ambos sexos",46.9
"90",2009,"Propiedad","De 16 a 29 años","Ambos sexos",50
"91",2008,"Propiedad","De 16 a 29 años","Ambos sexos",54.9
"92",2007,"Propiedad","De 16 a 29 años","Ambos sexos",58.1
"93",2006,"Propiedad","De 16 a 29 años","Ambos sexos",56.1
"94",2005,"Propiedad","De 16 a 29 años","Ambos sexos",53.6
"95",2004,"Propiedad","De 16 a 29 años","Ambos sexos",47.7
"96",2022,"Alquiler a precio de mercado","De 16 a 29 años","Ambos sexos",47.6
"97",2021,"Alquiler a precio de mercado","De 16 a 29 años","Ambos sexos",47.7
"98",2020,"Alquiler a precio de mercado","De 16 a 29 años","Ambos sexos",45.4
"99",2019,"Alquiler a precio de mercado","De 16 a 29 años","Ambos sexos",48.2
"100",2018,"Alquiler a precio de mercado","De 16 a 29 años","Ambos sexos",45.8
"101",2017,"Alquiler a precio de mercado","De 16 a 29 años","Ambos sexos",48.9
"102",2016,"Alquiler a precio de mercado","De 16 a 29 años","Ambos sexos",47.8
"103",2015,"Alquiler a precio de mercado","De 16 a 29 años","Ambos sexos",43.1
"104",2014,"Alquiler a precio de mercado","De 16 a 29 años","Ambos sexos",47.4
"105",2013,"Alquiler a precio de mercado","De 16 a 29 años","Ambos sexos",41.8
"106",2012,"Alquiler a precio de mercado","De 16 a 29 años","Ambos sexos",39
"107",2011,"Alquiler a precio de mercado","De 16 a 29 años","Ambos sexos",40.3
"108",2010,"Alquiler a precio de mercado","De 16 a 29 años","Ambos sexos",36.4
"109",2009,"Alquiler a precio de mercado","De 16 a 29 años","Ambos sexos",33.7
"110",2008,"Alquiler a precio de mercado","De 16 a 29 años","Ambos sexos",32.3
"111",2007,"Alquiler a precio de mercado","De 16 a 29 años","Ambos sexos",28.4
"112",2006,"Alquiler a precio de mercado","De 16 a 29 años","Ambos sexos",25.5
"113",2005,"Alquiler a precio de mercado","De 16 a 29 años","Ambos sexos",31.6
"114",2004,"Alquiler a precio de mercado","De 16 a 29 años","Ambos sexos",37.6
"115",2022,"Alquiler inferior al precio de mercado","De 16 a 29 años","Ambos sexos",5.8
"116",2021,"Alquiler inferior al precio de mercado","De 16 a 29 años","Ambos sexos",4.8
"117",2020,"Alquiler inferior al precio de mercado","De 16 a 29 años","Ambos sexos",3.9
"118",2019,"Alquiler inferior al precio de mercado","De 16 a 29 años","Ambos sexos",3.9
"119",2018,"Alquiler inferior al precio de mercado","De 16 a 29 años","Ambos sexos",6.6
"120",2017,"Alquiler inferior al precio de mercado","De 16 a 29 años","Ambos sexos",3.3
"121",2016,"Alquiler inferior al precio de mercado","De 16 a 29 años","Ambos sexos",5
"122",2015,"Alquiler inferior al precio de mercado","De 16 a 29 años","Ambos sexos",5.3
"123",2014,"Alquiler inferior al precio de mercado","De 16 a 29 años","Ambos sexos",2.7
"124",2013,"Alquiler inferior al precio de mercado","De 16 a 29 años","Ambos sexos",4.6
"125",2012,"Alquiler inferior al precio de mercado","De 16 a 29 años","Ambos sexos",4.1
"126",2011,"Alquiler inferior al precio de mercado","De 16 a 29 años","Ambos sexos",2.5
"127",2010,"Alquiler inferior al precio de mercado","De 16 a 29 años","Ambos sexos",5.2
"128",2009,"Alquiler inferior al precio de mercado","De 16 a 29 años","Ambos sexos",4
"129",2008,"Alquiler inferior al precio de mercado","De 16 a 29 años","Ambos sexos",4.2
"130",2007,"Alquiler inferior al precio de mercado","De 16 a 29 años","Ambos sexos",3.8
"131",2006,"Alquiler inferior al precio de mercado","De 16 a 29 años","Ambos sexos",2.7
"132",2005,"Alquiler inferior al precio de mercado","De 16 a 29 años","Ambos sexos",3.5
"133",2004,"Alquiler inferior al precio de mercado","De 16 a 29 años","Ambos sexos",1.7
"134",2022,"Cesión","De 16 a 29 años","Ambos sexos",15.9
"135",2021,"Cesión","De 16 a 29 años","Ambos sexos",15.1
"136",2020,"Cesión","De 16 a 29 años","Ambos sexos",18.9
"137",2019,"Cesión","De 16 a 29 años","Ambos sexos",22.5
"138",2018,"Cesión","De 16 a 29 años","Ambos sexos",18
"139",2017,"Cesión","De 16 a 29 años","Ambos sexos",21.4
"140",2016,"Cesión","De 16 a 29 años","Ambos sexos",18.7
"141",2015,"Cesión","De 16 a 29 años","Ambos sexos",17.4
"142",2014,"Cesión","De 16 a 29 años","Ambos sexos",15.7
"143",2013,"Cesión","De 16 a 29 años","Ambos sexos",15.1
"144",2012,"Cesión","De 16 a 29 años","Ambos sexos",14.4
"145",2011,"Cesión","De 16 a 29 años","Ambos sexos",10.8
"146",2010,"Cesión","De 16 a 29 años","Ambos sexos",11.5
"147",2009,"Cesión","De 16 a 29 años","Ambos sexos",12.3
"148",2008,"Cesión","De 16 a 29 años","Ambos sexos",8.7
"149",2007,"Cesión","De 16 a 29 años","Ambos sexos",9.7
"150",2006,"Cesión","De 16 a 29 años","Ambos sexos",15.6
"151",2005,"Cesión","De 16 a 29 años","Ambos sexos",11.2
"152",2004,"Cesión","De 16 a 29 años","Ambos sexos",13
"153",2022,"Propiedad","De 30 a 44 años","Ambos sexos",56.7
"154",2021,"Propiedad","De 30 a 44 años","Ambos sexos",58
"155",2020,"Propiedad","De 30 a 44 años","Ambos sexos",59.3
"156",2019,"Propiedad","De 30 a 44 años","Ambos sexos",59.4
"157",2018,"Propiedad","De 30 a 44 años","Ambos sexos",60.7
"158",2017,"Propiedad","De 30 a 44 años","Ambos sexos",63.8
"159",2016,"Propiedad","De 30 a 44 años","Ambos sexos",64.4
"160",2015,"Propiedad","De 30 a 44 años","Ambos sexos",65.3
"161",2014,"Propiedad","De 30 a 44 años","Ambos sexos",68.6
"162",2013,"Propiedad","De 30 a 44 años","Ambos sexos",67.9
"163",2012,"Propiedad","De 30 a 44 años","Ambos sexos",71.1
"164",2011,"Propiedad","De 30 a 44 años","Ambos sexos",72.8
"165",2010,"Propiedad","De 30 a 44 años","Ambos sexos",73.7
"166",2009,"Propiedad","De 30 a 44 años","Ambos sexos",73.8
"167",2008,"Propiedad","De 30 a 44 años","Ambos sexos",73.7
"168",2007,"Propiedad","De 30 a 44 años","Ambos sexos",74.3
"169",2006,"Propiedad","De 30 a 44 años","Ambos sexos",72.7
"170",2005,"Propiedad","De 30 a 44 años","Ambos sexos",72.5
"171",2004,"Propiedad","De 30 a 44 años","Ambos sexos",71.1
"172",2022,"Alquiler a precio de mercado","De 30 a 44 años","Ambos sexos",28.9
"173",2021,"Alquiler a precio de mercado","De 30 a 44 años","Ambos sexos",28.5
"174",2020,"Alquiler a precio de mercado","De 30 a 44 años","Ambos sexos",26.9
"175",2019,"Alquiler a precio de mercado","De 30 a 44 años","Ambos sexos",28.8
"176",2018,"Alquiler a precio de mercado","De 30 a 44 años","Ambos sexos",27.2
"177",2017,"Alquiler a precio de mercado","De 30 a 44 años","Ambos sexos",25.1
"178",2016,"Alquiler a precio de mercado","De 30 a 44 años","Ambos sexos",24.2
"179",2015,"Alquiler a precio de mercado","De 30 a 44 años","Ambos sexos",22.5
"180",2014,"Alquiler a precio de mercado","De 30 a 44 años","Ambos sexos",19.8
"181",2013,"Alquiler a precio de mercado","De 30 a 44 años","Ambos sexos",21.3
"182",2012,"Alquiler a precio de mercado","De 30 a 44 años","Ambos sexos",19
"183",2011,"Alquiler a precio de mercado","De 30 a 44 años","Ambos sexos",18.4
"184",2010,"Alquiler a precio de mercado","De 30 a 44 años","Ambos sexos",16.6
"185",2009,"Alquiler a precio de mercado","De 30 a 44 años","Ambos sexos",16.4
"186",2008,"Alquiler a precio de mercado","De 30 a 44 años","Ambos sexos",16.2
"187",2007,"Alquiler a precio de mercado","De 30 a 44 años","Ambos sexos",15.8
"188",2006,"Alquiler a precio de mercado","De 30 a 44 años","Ambos sexos",17.1
"189",2005,"Alquiler a precio de mercado","De 30 a 44 años","Ambos sexos",15
"190",2004,"Alquiler a precio de mercado","De 30 a 44 años","Ambos sexos",15.5
"191",2022,"Alquiler inferior al precio de mercado","De 30 a 44 años","Ambos sexos",4
"192",2021,"Alquiler inferior al precio de mercado","De 30 a 44 años","Ambos sexos",3.6
"193",2020,"Alquiler inferior al precio de mercado","De 30 a 44 años","Ambos sexos",4.1
"194",2019,"Alquiler inferior al precio de mercado","De 30 a 44 años","Ambos sexos",3.2
"195",2018,"Alquiler inferior al precio de mercado","De 30 a 44 años","Ambos sexos",2.7
"196",2017,"Alquiler inferior al precio de mercado","De 30 a 44 años","Ambos sexos",2.9
"197",2016,"Alquiler inferior al precio de mercado","De 30 a 44 años","Ambos sexos",2
"198",2015,"Alquiler inferior al precio de mercado","De 30 a 44 años","Ambos sexos",1.8
"199",2014,"Alquiler inferior al precio de mercado","De 30 a 44 años","Ambos sexos",2
"200",2013,"Alquiler inferior al precio de mercado","De 30 a 44 años","Ambos sexos",2
"201",2012,"Alquiler inferior al precio de mercado","De 30 a 44 años","Ambos sexos",1.8
"202",2011,"Alquiler inferior al precio de mercado","De 30 a 44 años","Ambos sexos",2.2
"203",2010,"Alquiler inferior al precio de mercado","De 30 a 44 años","Ambos sexos",2.5
"204",2009,"Alquiler inferior al precio de mercado","De 30 a 44 años","Ambos sexos",2.7
"205",2008,"Alquiler inferior al precio de mercado","De 30 a 44 años","Ambos sexos",2.8
"206",2007,"Alquiler inferior al precio de mercado","De 30 a 44 años","Ambos sexos",2.3
"207",2006,"Alquiler inferior al precio de mercado","De 30 a 44 años","Ambos sexos",2.7
"208",2005,"Alquiler inferior al precio de mercado","De 30 a 44 años","Ambos sexos",3.8
"209",2004,"Alquiler inferior al precio de mercado","De 30 a 44 años","Ambos sexos",3.8
"210",2022,"Cesión","De 30 a 44 años","Ambos sexos",10.4
"211",2021,"Cesión","De 30 a 44 años","Ambos sexos",9.9
"212",2020,"Cesión","De 30 a 44 años","Ambos sexos",9.7
"213",2019,"Cesión","De 30 a 44 años","Ambos sexos",8.6
"214",2018,"Cesión","De 30 a 44 años","Ambos sexos",9.4
"215",2017,"Cesión","De 30 a 44 años","Ambos sexos",8.2
"216",2016,"Cesión","De 30 a 44 años","Ambos sexos",9.5
"217",2015,"Cesión","De 30 a 44 años","Ambos sexos",10.4
"218",2014,"Cesión","De 30 a 44 años","Ambos sexos",9.6
"219",2013,"Cesión","De 30 a 44 años","Ambos sexos",8.8
"220",2012,"Cesión","De 30 a 44 años","Ambos sexos",8
"221",2011,"Cesión","De 30 a 44 años","Ambos sexos",6.6
"222",2010,"Cesión","De 30 a 44 años","Ambos sexos",7.1
"223",2009,"Cesión","De 30 a 44 años","Ambos sexos",7.1
"224",2008,"Cesión","De 30 a 44 años","Ambos sexos",7.3
"225",2007,"Cesión","De 30 a 44 años","Ambos sexos",7.6
"226",2006,"Cesión","De 30 a 44 años","Ambos sexos",7.5
"227",2005,"Cesión","De 30 a 44 años","Ambos sexos",8.7
"228",2004,"Cesión","De 30 a 44 años","Ambos sexos",9.6
"229",2022,"Propiedad","De 45 a 64 años","Ambos sexos",79.3
"230",2021,"Propiedad","De 45 a 64 años","Ambos sexos",79.5
"231",2020,"Propiedad","De 45 a 64 años","Ambos sexos",78
"232",2019,"Propiedad","De 45 a 64 años","Ambos sexos",79.8
"233",2018,"Propiedad","De 45 a 64 años","Ambos sexos",80.4
"234",2017,"Propiedad","De 45 a 64 años","Ambos sexos",80.5
"235",2016,"Propiedad","De 45 a 64 años","Ambos sexos",80.9
"236",2015,"Propiedad","De 45 a 64 años","Ambos sexos",81.4
"237",2014,"Propiedad","De 45 a 64 años","Ambos sexos",82
"238",2013,"Propiedad","De 45 a 64 años","Ambos sexos",82.4
"239",2012,"Propiedad","De 45 a 64 años","Ambos sexos",82.7
"240",2011,"Propiedad","De 45 a 64 años","Ambos sexos",82.8
"241",2010,"Propiedad","De 45 a 64 años","Ambos sexos",83.5
"242",2009,"Propiedad","De 45 a 64 años","Ambos sexos",83.1
"243",2008,"Propiedad","De 45 a 64 años","Ambos sexos",83.7
"244",2007,"Propiedad","De 45 a 64 años","Ambos sexos",83.8
"245",2006,"Propiedad","De 45 a 64 años","Ambos sexos",83.2
"246",2005,"Propiedad","De 45 a 64 años","Ambos sexos",86.6
"247",2004,"Propiedad","De 45 a 64 años","Ambos sexos",85.9
"248",2022,"Alquiler a precio de mercado","De 45 a 64 años","Ambos sexos",12.9
"249",2021,"Alquiler a precio de mercado","De 45 a 64 años","Ambos sexos",12.6
"250",2020,"Alquiler a precio de mercado","De 45 a 64 años","Ambos sexos",12.1
"251",2019,"Alquiler a precio de mercado","De 45 a 64 años","Ambos sexos",12.6
"252",2018,"Alquiler a precio de mercado","De 45 a 64 años","Ambos sexos",11.8
"253",2017,"Alquiler a precio de mercado","De 45 a 64 años","Ambos sexos",11.3
"254",2016,"Alquiler a precio de mercado","De 45 a 64 años","Ambos sexos",10.9
"255",2015,"Alquiler a precio de mercado","De 45 a 64 años","Ambos sexos",10.3
"256",2014,"Alquiler a precio de mercado","De 45 a 64 años","Ambos sexos",9.5
"257",2013,"Alquiler a precio de mercado","De 45 a 64 años","Ambos sexos",9.4
"258",2012,"Alquiler a precio de mercado","De 45 a 64 años","Ambos sexos",9.3
"259",2011,"Alquiler a precio de mercado","De 45 a 64 años","Ambos sexos",9
"260",2010,"Alquiler a precio de mercado","De 45 a 64 años","Ambos sexos",8.2
"261",2009,"Alquiler a precio de mercado","De 45 a 64 años","Ambos sexos",8.7
"262",2008,"Alquiler a precio de mercado","De 45 a 64 años","Ambos sexos",8
"263",2007,"Alquiler a precio de mercado","De 45 a 64 años","Ambos sexos",7.3
"264",2006,"Alquiler a precio de mercado","De 45 a 64 años","Ambos sexos",7
"265",2005,"Alquiler a precio de mercado","De 45 a 64 años","Ambos sexos",6
"266",2004,"Alquiler a precio de mercado","De 45 a 64 años","Ambos sexos",6.5
"267",2022,"Alquiler inferior al precio de mercado","De 45 a 64 años","Ambos sexos",2.7
"268",2021,"Alquiler inferior al precio de mercado","De 45 a 64 años","Ambos sexos",2.4
"269",2020,"Alquiler inferior al precio de mercado","De 45 a 64 años","Ambos sexos",3.3
"270",2019,"Alquiler inferior al precio de mercado","De 45 a 64 años","Ambos sexos",2.7
"271",2018,"Alquiler inferior al precio de mercado","De 45 a 64 años","Ambos sexos",2.5
"272",2017,"Alquiler inferior al precio de mercado","De 45 a 64 años","Ambos sexos",2.7
"273",2016,"Alquiler inferior al precio de mercado","De 45 a 64 años","Ambos sexos",3
"274",2015,"Alquiler inferior al precio de mercado","De 45 a 64 años","Ambos sexos",2.8
"275",2014,"Alquiler inferior al precio de mercado","De 45 a 64 años","Ambos sexos",2.7
"276",2013,"Alquiler inferior al precio de mercado","De 45 a 64 años","Ambos sexos",2.4
"277",2012,"Alquiler inferior al precio de mercado","De 45 a 64 años","Ambos sexos",2.7
"278",2011,"Alquiler inferior al precio de mercado","De 45 a 64 años","Ambos sexos",3
"279",2010,"Alquiler inferior al precio de mercado","De 45 a 64 años","Ambos sexos",3.1
"280",2009,"Alquiler inferior al precio de mercado","De 45 a 64 años","Ambos sexos",3.2
"281",2008,"Alquiler inferior al precio de mercado","De 45 a 64 años","Ambos sexos",3.3
"282",2007,"Alquiler inferior al precio de mercado","De 45 a 64 años","Ambos sexos",3.8
"283",2006,"Alquiler inferior al precio de mercado","De 45 a 64 años","Ambos sexos",3.5
"284",2005,"Alquiler inferior al precio de mercado","De 45 a 64 años","Ambos sexos",2.8
"285",2004,"Alquiler inferior al precio de mercado","De 45 a 64 años","Ambos sexos",3.4
"286",2022,"Cesión","De 45 a 64 años","Ambos sexos",5.1
"287",2021,"Cesión","De 45 a 64 años","Ambos sexos",5.6
"288",2020,"Cesión","De 45 a 64 años","Ambos sexos",6.7
"289",2019,"Cesión","De 45 a 64 años","Ambos sexos",4.8
"290",2018,"Cesión","De 45 a 64 años","Ambos sexos",5.3
"291",2017,"Cesión","De 45 a 64 años","Ambos sexos",5.5
"292",2016,"Cesión","De 45 a 64 años","Ambos sexos",5.2
"293",2015,"Cesión","De 45 a 64 años","Ambos sexos",5.5
"294",2014,"Cesión","De 45 a 64 años","Ambos sexos",5.8
"295",2013,"Cesión","De 45 a 64 años","Ambos sexos",5.8
"296",2012,"Cesión","De 45 a 64 años","Ambos sexos",5.3
"297",2011,"Cesión","De 45 a 64 años","Ambos sexos",5.1
"298",2010,"Cesión","De 45 a 64 años","Ambos sexos",5.1
"299",2009,"Cesión","De 45 a 64 años","Ambos sexos",5
"300",2008,"Cesión","De 45 a 64 años","Ambos sexos",5.1
"301",2007,"Cesión","De 45 a 64 años","Ambos sexos",5.1
"302",2006,"Cesión","De 45 a 64 años","Ambos sexos",6.3
"303",2005,"Cesión","De 45 a 64 años","Ambos sexos",4.6
"304",2004,"Cesión","De 45 a 64 años","Ambos sexos",4.1
"305",2022,"Propiedad","65 y más años","Ambos sexos",89.4
"306",2021,"Propiedad","65 y más años","Ambos sexos",88.8
"307",2020,"Propiedad","65 y más años","Ambos sexos",89.1
"308",2019,"Propiedad","65 y más años","Ambos sexos",89.8
"309",2018,"Propiedad","65 y más años","Ambos sexos",89.6
"310",2017,"Propiedad","65 y más años","Ambos sexos",89.2
"311",2016,"Propiedad","65 y más años","Ambos sexos",90.1
"312",2015,"Propiedad","65 y más años","Ambos sexos",89.3
"313",2014,"Propiedad","65 y más años","Ambos sexos",89.8
"314",2013,"Propiedad","65 y más años","Ambos sexos",89.2
"315",2012,"Propiedad","65 y más años","Ambos sexos",90.1
"316",2011,"Propiedad","65 y más años","Ambos sexos",89.8
"317",2010,"Propiedad","65 y más años","Ambos sexos",87.8
"318",2009,"Propiedad","65 y más años","Ambos sexos",87.5
"319",2008,"Propiedad","65 y más años","Ambos sexos",87.3
"320",2007,"Propiedad","65 y más años","Ambos sexos",87.5
"321",2006,"Propiedad","65 y más años","Ambos sexos",86.8
"322",2005,"Propiedad","65 y más años","Ambos sexos",87.4
"323",2004,"Propiedad","65 y más años","Ambos sexos",86.5
"324",2022,"Alquiler a precio de mercado","65 y más años","Ambos sexos",5
"325",2021,"Alquiler a precio de mercado","65 y más años","Ambos sexos",5.3
"326",2020,"Alquiler a precio de mercado","65 y más años","Ambos sexos",5
"327",2019,"Alquiler a precio de mercado","65 y más años","Ambos sexos",4.5
"328",2018,"Alquiler a precio de mercado","65 y más años","Ambos sexos",4.1
"329",2017,"Alquiler a precio de mercado","65 y más años","Ambos sexos",4.3
"330",2016,"Alquiler a precio de mercado","65 y más años","Ambos sexos",3.7
"331",2015,"Alquiler a precio de mercado","65 y más años","Ambos sexos",3.5
"332",2014,"Alquiler a precio de mercado","65 y más años","Ambos sexos",2.9
"333",2013,"Alquiler a precio de mercado","65 y más años","Ambos sexos",3.3
"334",2012,"Alquiler a precio de mercado","65 y más años","Ambos sexos",2.8
"335",2011,"Alquiler a precio de mercado","65 y más años","Ambos sexos",3.2
"336",2010,"Alquiler a precio de mercado","65 y más años","Ambos sexos",3.8
"337",2009,"Alquiler a precio de mercado","65 y más años","Ambos sexos",3.5
"338",2008,"Alquiler a precio de mercado","65 y más años","Ambos sexos",3.7
"339",2007,"Alquiler a precio de mercado","65 y más años","Ambos sexos",3.6
"340",2006,"Alquiler a precio de mercado","65 y más años","Ambos sexos",3.8
"341",2005,"Alquiler a precio de mercado","65 y más años","Ambos sexos",3.3
"342",2004,"Alquiler a precio de mercado","65 y más años","Ambos sexos",3.2
"343",2022,"Alquiler inferior al precio de mercado","65 y más años","Ambos sexos",2.3
"344",2021,"Alquiler inferior al precio de mercado","65 y más años","Ambos sexos",2.5
"345",2020,"Alquiler inferior al precio de mercado","65 y más años","Ambos sexos",2.5
"346",2019,"Alquiler inferior al precio de mercado","65 y más años","Ambos sexos",2.1
"347",2018,"Alquiler inferior al precio de mercado","65 y más años","Ambos sexos",2.6
"348",2017,"Alquiler inferior al precio de mercado","65 y más años","Ambos sexos",2.2
"349",2016,"Alquiler inferior al precio de mercado","65 y más años","Ambos sexos",2.1
"350",2015,"Alquiler inferior al precio de mercado","65 y más años","Ambos sexos",2.5
"351",2014,"Alquiler inferior al precio de mercado","65 y más años","Ambos sexos",2.8
"352",2013,"Alquiler inferior al precio de mercado","65 y más años","Ambos sexos",2.6
"353",2012,"Alquiler inferior al precio de mercado","65 y más años","Ambos sexos",2.9
"354",2011,"Alquiler inferior al precio de mercado","65 y más años","Ambos sexos",3.3
"355",2010,"Alquiler inferior al precio de mercado","65 y más años","Ambos sexos",3.4
"356",2009,"Alquiler inferior al precio de mercado","65 y más años","Ambos sexos",3.9
"357",2008,"Alquiler inferior al precio de mercado","65 y más años","Ambos sexos",3.5
"358",2007,"Alquiler inferior al precio de mercado","65 y más años","Ambos sexos",3.2
"359",2006,"Alquiler inferior al precio de mercado","65 y más años","Ambos sexos",3.6
"360",2005,"Alquiler inferior al precio de mercado","65 y más años","Ambos sexos",4.1
"361",2004,"Alquiler inferior al precio de mercado","65 y más años","Ambos sexos",4.9
"362",2022,"Cesión","65 y más años","Ambos sexos",3.3
"363",2021,"Cesión","65 y más años","Ambos sexos",3.4
"364",2020,"Cesión","65 y más años","Ambos sexos",3.4
"365",2019,"Cesión","65 y más años","Ambos sexos",3.7
"366",2018,"Cesión","65 y más años","Ambos sexos",3.8
"367",2017,"Cesión","65 y más años","Ambos sexos",4.3
"368",2016,"Cesión","65 y más años","Ambos sexos",4.1
"369",2015,"Cesión","65 y más años","Ambos sexos",4.7
"370",2014,"Cesión","65 y más años","Ambos sexos",4.5
"371",2013,"Cesión","65 y más años","Ambos sexos",4.9
"372",2012,"Cesión","65 y más años","Ambos sexos",4.1
"373",2011,"Cesión","65 y más años","Ambos sexos",3.7
"374",2010,"Cesión","65 y más años","Ambos sexos",5
"375",2009,"Cesión","65 y más años","Ambos sexos",5.1
"376",2008,"Cesión","65 y más años","Ambos sexos",5.5
"377",2007,"Cesión","65 y más años","Ambos sexos",5.6
"378",2006,"Cesión","65 y más años","Ambos sexos",5.8
"379",2005,"Cesión","65 y más años","Ambos sexos",5.2
"380",2004,"Cesión","65 y más años","Ambos sexos",5.4
"381",2022,"Propiedad","Total","Hombres",77
"382",2021,"Propiedad","Total","Hombres",76.5
"383",2020,"Propiedad","Total","Hombres",75.2
"384",2019,"Propiedad","Total","Hombres",76.2
"385",2018,"Propiedad","Total","Hombres",77.3
"386",2017,"Propiedad","Total","Hombres",78.1
"387",2016,"Propiedad","Total","Hombres",78.8
"388",2015,"Propiedad","Total","Hombres",77.7
"389",2014,"Propiedad","Total","Hombres",78.8
"390",2013,"Propiedad","Total","Hombres",78.3
"391",2012,"Propiedad","Total","Hombres",80.2
"392",2011,"Propiedad","Total","Hombres",80.5
"393",2010,"Propiedad","Total","Hombres",79.8
"394",2009,"Propiedad","Total","Hombres",80
"395",2008,"Propiedad","Total","Hombres",80.4
"396",2007,"Propiedad","Total","Hombres",81.1
"397",2006,"Propiedad","Total","Hombres",81
"398",2005,"Propiedad","Total","Hombres",82.1
"399",2004,"Propiedad","Total","Hombres",80.8
"400",2022,"Alquiler a precio de mercado","Total","Hombres",14.6
"401",2021,"Alquiler a precio de mercado","Total","Hombres",14.8
"402",2020,"Alquiler a precio de mercado","Total","Hombres",15.1
"403",2019,"Alquiler a precio de mercado","Total","Hombres",15.8
"404",2018,"Alquiler a precio de mercado","Total","Hombres",14
"405",2017,"Alquiler a precio de mercado","Total","Hombres",13.6
"406",2016,"Alquiler a precio de mercado","Total","Hombres",13
"407",2015,"Alquiler a precio de mercado","Total","Hombres",13.5
"408",2014,"Alquiler a precio de mercado","Total","Hombres",12.3
"409",2013,"Alquiler a precio de mercado","Total","Hombres",12.6
"410",2012,"Alquiler a precio de mercado","Total","Hombres",11.7
"411",2011,"Alquiler a precio de mercado","Total","Hombres",11.6
"412",2010,"Alquiler a precio de mercado","Total","Hombres",11.4
"413",2009,"Alquiler a precio de mercado","Total","Hombres",11.4
"414",2008,"Alquiler a precio de mercado","Total","Hombres",11.1
"415",2007,"Alquiler a precio de mercado","Total","Hombres",10
"416",2006,"Alquiler a precio de mercado","Total","Hombres",9.3
"417",2005,"Alquiler a precio de mercado","Total","Hombres",8.8
"418",2004,"Alquiler a precio de mercado","Total","Hombres",9.6
"419",2022,"Alquiler inferior al precio de mercado","Total","Hombres",2.8
"420",2021,"Alquiler inferior al precio de mercado","Total","Hombres",2.7
"421",2020,"Alquiler inferior al precio de mercado","Total","Hombres",2.8
"422",2019,"Alquiler inferior al precio de mercado","Total","Hombres",2.1
"423",2018,"Alquiler inferior al precio de mercado","Total","Hombres",2.4
"424",2017,"Alquiler inferior al precio de mercado","Total","Hombres",2.2
"425",2016,"Alquiler inferior al precio de mercado","Total","Hombres",2.2
"426",2015,"Alquiler inferior al precio de mercado","Total","Hombres",2
"427",2014,"Alquiler inferior al precio de mercado","Total","Hombres",2
"428",2013,"Alquiler inferior al precio de mercado","Total","Hombres",2
"429",2012,"Alquiler inferior al precio de mercado","Total","Hombres",2.1
"430",2011,"Alquiler inferior al precio de mercado","Total","Hombres",2.4
"431",2010,"Alquiler inferior al precio de mercado","Total","Hombres",2.4
"432",2009,"Alquiler inferior al precio de mercado","Total","Hombres",2.8
"433",2008,"Alquiler inferior al precio de mercado","Total","Hombres",2.9
"434",2007,"Alquiler inferior al precio de mercado","Total","Hombres",2.9
"435",2006,"Alquiler inferior al precio de mercado","Total","Hombres",2.9
"436",2005,"Alquiler inferior al precio de mercado","Total","Hombres",3.1
"437",2004,"Alquiler inferior al precio de mercado","Total","Hombres",3.3
"438",2022,"Cesión","Total","Hombres",5.6
"439",2021,"Cesión","Total","Hombres",6
"440",2020,"Cesión","Total","Hombres",7
"441",2019,"Cesión","Total","Hombres",5.9
"442",2018,"Cesión","Total","Hombres",6.4
"443",2017,"Cesión","Total","Hombres",6.1
"444",2016,"Cesión","Total","Hombres",6
"445",2015,"Cesión","Total","Hombres",6.8
"446",2014,"Cesión","Total","Hombres",6.9
"447",2013,"Cesión","Total","Hombres",7.1
"448",2012,"Cesión","Total","Hombres",6
"449",2011,"Cesión","Total","Hombres",5.5
"450",2010,"Cesión","Total","Hombres",6.4
"451",2009,"Cesión","Total","Hombres",5.8
"452",2008,"Cesión","Total","Hombres",5.6
"453",2007,"Cesión","Total","Hombres",6.1
"454",2006,"Cesión","Total","Hombres",6.8
"455",2005,"Cesión","Total","Hombres",6
"456",2004,"Cesión","Total","Hombres",6.3
"457",2022,"Propiedad","De 16 a 29 años","Hombres",28.2
"458",2021,"Propiedad","De 16 a 29 años","Hombres",27.1
"459",2020,"Propiedad","De 16 a 29 años","Hombres",25.3
"460",2019,"Propiedad","De 16 a 29 años","Hombres",26
"461",2018,"Propiedad","De 16 a 29 años","Hombres",29.9
"462",2017,"Propiedad","De 16 a 29 años","Hombres",28.9
"463",2016,"Propiedad","De 16 a 29 años","Hombres",30.2
"464",2015,"Propiedad","De 16 a 29 años","Hombres",31
"465",2014,"Propiedad","De 16 a 29 años","Hombres",34.2
"466",2013,"Propiedad","De 16 a 29 años","Hombres",38.9
"467",2012,"Propiedad","De 16 a 29 años","Hombres",45.3
"468",2011,"Propiedad","De 16 a 29 años","Hombres",54.4
"469",2010,"Propiedad","De 16 a 29 años","Hombres",48.1
"470",2009,"Propiedad","De 16 a 29 años","Hombres",48.6
"471",2008,"Propiedad","De 16 a 29 años","Hombres",55.1
"472",2007,"Propiedad","De 16 a 29 años","Hombres",58.1
"473",2006,"Propiedad","De 16 a 29 años","Hombres",62.3
"474",2005,"Propiedad","De 16 a 29 años","Hombres",56.1
"475",2004,"Propiedad","De 16 a 29 años","Hombres",50.7
"476",2022,"Alquiler a precio de mercado","De 16 a 29 años","Hombres",47.7
"477",2021,"Alquiler a precio de mercado","De 16 a 29 años","Hombres",51.5
"478",2020,"Alquiler a precio de mercado","De 16 a 29 años","Hombres",46.5
"479",2019,"Alquiler a precio de mercado","De 16 a 29 años","Hombres",43.3
"480",2018,"Alquiler a precio de mercado","De 16 a 29 años","Hombres",45.5
"481",2017,"Alquiler a precio de mercado","De 16 a 29 años","Hombres",41.9
"482",2016,"Alquiler a precio de mercado","De 16 a 29 años","Hombres",47
"483",2015,"Alquiler a precio de mercado","De 16 a 29 años","Hombres",43.4
"484",2014,"Alquiler a precio de mercado","De 16 a 29 años","Hombres",46.9
"485",2013,"Alquiler a precio de mercado","De 16 a 29 años","Hombres",38.1
"486",2012,"Alquiler a precio de mercado","De 16 a 29 años","Hombres",37
"487",2011,"Alquiler a precio de mercado","De 16 a 29 años","Hombres",31.9
"488",2010,"Alquiler a precio de mercado","De 16 a 29 años","Hombres",37
"489",2009,"Alquiler a precio de mercado","De 16 a 29 años","Hombres",36.2
"490",2008,"Alquiler a precio de mercado","De 16 a 29 años","Hombres",32.9
"491",2007,"Alquiler a precio de mercado","De 16 a 29 años","Hombres",27.1
"492",2006,"Alquiler a precio de mercado","De 16 a 29 años","Hombres",20.9
"493",2005,"Alquiler a precio de mercado","De 16 a 29 años","Hombres",27.5
"494",2004,"Alquiler a precio de mercado","De 16 a 29 años","Hombres",34.9
"495",2022,"Alquiler inferior al precio de mercado","De 16 a 29 años","Hombres",6.6
"496",2021,"Alquiler inferior al precio de mercado","De 16 a 29 años","Hombres",5.1
"497",2020,"Alquiler inferior al precio de mercado","De 16 a 29 años","Hombres",6.2
"498",2019,"Alquiler inferior al precio de mercado","De 16 a 29 años","Hombres",3.3
"499",2018,"Alquiler inferior al precio de mercado","De 16 a 29 años","Hombres",4.4
"500",2017,"Alquiler inferior al precio de mercado","De 16 a 29 años","Hombres",3.3
"501",2016,"Alquiler inferior al precio de mercado","De 16 a 29 años","Hombres",3.1
"502",2015,"Alquiler inferior al precio de mercado","De 16 a 29 años","Hombres",4.7
"503",2014,"Alquiler inferior al precio de mercado","De 16 a 29 años","Hombres",2.5
"504",2013,"Alquiler inferior al precio de mercado","De 16 a 29 años","Hombres",4.5
"505",2012,"Alquiler inferior al precio de mercado","De 16 a 29 años","Hombres",5
"506",2011,"Alquiler inferior al precio de mercado","De 16 a 29 años","Hombres",2.9
"507",2010,"Alquiler inferior al precio de mercado","De 16 a 29 años","Hombres",2
"508",2009,"Alquiler inferior al precio de mercado","De 16 a 29 años","Hombres",2.4
"509",2008,"Alquiler inferior al precio de mercado","De 16 a 29 años","Hombres",3.9
"510",2007,"Alquiler inferior al precio de mercado","De 16 a 29 años","Hombres",4.5
"511",2006,"Alquiler inferior al precio de mercado","De 16 a 29 años","Hombres",3.4
"512",2005,"Alquiler inferior al precio de mercado","De 16 a 29 años","Hombres",4.4
"513",2004,"Alquiler inferior al precio de mercado","De 16 a 29 años","Hombres",1.5
"514",2022,"Cesión","De 16 a 29 años","Hombres",17.5
"515",2021,"Cesión","De 16 a 29 años","Hombres",16.4
"516",2020,"Cesión","De 16 a 29 años","Hombres",22
"517",2019,"Cesión","De 16 a 29 años","Hombres",27.4
"518",2018,"Cesión","De 16 a 29 años","Hombres",20.2
"519",2017,"Cesión","De 16 a 29 años","Hombres",25.8
"520",2016,"Cesión","De 16 a 29 años","Hombres",19.7
"521",2015,"Cesión","De 16 a 29 años","Hombres",20.9
"522",2014,"Cesión","De 16 a 29 años","Hombres",16.4
"523",2013,"Cesión","De 16 a 29 años","Hombres",18.5
"524",2012,"Cesión","De 16 a 29 años","Hombres",12.7
"525",2011,"Cesión","De 16 a 29 años","Hombres",10.8
"526",2010,"Cesión","De 16 a 29 años","Hombres",13
"527",2009,"Cesión","De 16 a 29 años","Hombres",12.8
"528",2008,"Cesión","De 16 a 29 años","Hombres",8.1
"529",2007,"Cesión","De 16 a 29 años","Hombres",10.3
"530",2006,"Cesión","De 16 a 29 años","Hombres",13.4
"531",2005,"Cesión","De 16 a 29 años","Hombres",12.1
"532",2004,"Cesión","De 16 a 29 años","Hombres",12.9
"533",2022,"Propiedad","De 30 a 44 años","Hombres",58.3
"534",2021,"Propiedad","De 30 a 44 años","Hombres",59
"535",2020,"Propiedad","De 30 a 44 años","Hombres",60.8
"536",2019,"Propiedad","De 30 a 44 años","Hombres",61.4
"537",2018,"Propiedad","De 30 a 44 años","Hombres",64.9
"538",2017,"Propiedad","De 30 a 44 años","Hombres",67.1
"539",2016,"Propiedad","De 30 a 44 años","Hombres",67.3
"540",2015,"Propiedad","De 30 a 44 años","Hombres",67.1
"541",2014,"Propiedad","De 30 a 44 años","Hombres",69.5
"542",2013,"Propiedad","De 30 a 44 años","Hombres",67.9
"543",2012,"Propiedad","De 30 a 44 años","Hombres",71.9
"544",2011,"Propiedad","De 30 a 44 años","Hombres",71.9
"545",2010,"Propiedad","De 30 a 44 años","Hombres",73
"546",2009,"Propiedad","De 30 a 44 años","Hombres",73.4
"547",2008,"Propiedad","De 30 a 44 años","Hombres",73.4
"548",2007,"Propiedad","De 30 a 44 años","Hombres",74.7
"549",2006,"Propiedad","De 30 a 44 años","Hombres",73.3
"550",2005,"Propiedad","De 30 a 44 años","Hombres",73.7
"551",2004,"Propiedad","De 30 a 44 años","Hombres",72.1
"552",2022,"Alquiler a precio de mercado","De 30 a 44 años","Hombres",28.2
"553",2021,"Alquiler a precio de mercado","De 30 a 44 años","Hombres",27.4
"554",2020,"Alquiler a precio de mercado","De 30 a 44 años","Hombres",26.3
"555",2019,"Alquiler a precio de mercado","De 30 a 44 años","Hombres",27.9
"556",2018,"Alquiler a precio de mercado","De 30 a 44 años","Hombres",23.9
"557",2017,"Alquiler a precio de mercado","De 30 a 44 años","Hombres",22.9
"558",2016,"Alquiler a precio de mercado","De 30 a 44 años","Hombres",22.1
"559",2015,"Alquiler a precio de mercado","De 30 a 44 años","Hombres",21.6
"560",2014,"Alquiler a precio de mercado","De 30 a 44 años","Hombres",19
"561",2013,"Alquiler a precio de mercado","De 30 a 44 años","Hombres",21.3
"562",2012,"Alquiler a precio de mercado","De 30 a 44 años","Hombres",18.4
"563",2011,"Alquiler a precio de mercado","De 30 a 44 años","Hombres",19.2
"564",2010,"Alquiler a precio de mercado","De 30 a 44 años","Hombres",16.5
"565",2009,"Alquiler a precio de mercado","De 30 a 44 años","Hombres",16.2
"566",2008,"Alquiler a precio de mercado","De 30 a 44 años","Hombres",16.6
"567",2007,"Alquiler a precio de mercado","De 30 a 44 años","Hombres",15.6
"568",2006,"Alquiler a precio de mercado","De 30 a 44 años","Hombres",16.1
"569",2005,"Alquiler a precio de mercado","De 30 a 44 años","Hombres",14.8
"570",2004,"Alquiler a precio de mercado","De 30 a 44 años","Hombres",15.1
"571",2022,"Alquiler inferior al precio de mercado","De 30 a 44 años","Hombres",4
"572",2021,"Alquiler inferior al precio de mercado","De 30 a 44 años","Hombres",3.9
"573",2020,"Alquiler inferior al precio de mercado","De 30 a 44 años","Hombres",3.7
"574",2019,"Alquiler inferior al precio de mercado","De 30 a 44 años","Hombres",2.6
"575",2018,"Alquiler inferior al precio de mercado","De 30 a 44 años","Hombres",2.7
"576",2017,"Alquiler inferior al precio de mercado","De 30 a 44 años","Hombres",2.5
"577",2016,"Alquiler inferior al precio de mercado","De 30 a 44 años","Hombres",1.9
"578",2015,"Alquiler inferior al precio de mercado","De 30 a 44 años","Hombres",1.6
"579",2014,"Alquiler inferior al precio de mercado","De 30 a 44 años","Hombres",1.7
"580",2013,"Alquiler inferior al precio de mercado","De 30 a 44 años","Hombres",1.6
"581",2012,"Alquiler inferior al precio de mercado","De 30 a 44 años","Hombres",1.6
"582",2011,"Alquiler inferior al precio de mercado","De 30 a 44 años","Hombres",2
"583",2010,"Alquiler inferior al precio de mercado","De 30 a 44 años","Hombres",2.3
"584",2009,"Alquiler inferior al precio de mercado","De 30 a 44 años","Hombres",2.4
"585",2008,"Alquiler inferior al precio de mercado","De 30 a 44 años","Hombres",2.7
"586",2007,"Alquiler inferior al precio de mercado","De 30 a 44 años","Hombres",1.9
"587",2006,"Alquiler inferior al precio de mercado","De 30 a 44 años","Hombres",2.8
"588",2005,"Alquiler inferior al precio de mercado","De 30 a 44 años","Hombres",3.3
"589",2004,"Alquiler inferior al precio de mercado","De 30 a 44 años","Hombres",3.4
"590",2022,"Cesión","De 30 a 44 años","Hombres",9.5
"591",2021,"Cesión","De 30 a 44 años","Hombres",9.7
"592",2020,"Cesión","De 30 a 44 años","Hombres",9.2
"593",2019,"Cesión","De 30 a 44 años","Hombres",8.2
"594",2018,"Cesión","De 30 a 44 años","Hombres",8.6
"595",2017,"Cesión","De 30 a 44 años","Hombres",7.5
"596",2016,"Cesión","De 30 a 44 años","Hombres",8.7
"597",2015,"Cesión","De 30 a 44 años","Hombres",9.8
"598",2014,"Cesión","De 30 a 44 años","Hombres",9.9
"599",2013,"Cesión","De 30 a 44 años","Hombres",9.2
"600",2012,"Cesión","De 30 a 44 años","Hombres",8.1
"601",2011,"Cesión","De 30 a 44 años","Hombres",6.9
"602",2010,"Cesión","De 30 a 44 años","Hombres",8.2
"603",2009,"Cesión","De 30 a 44 años","Hombres",8.1
"604",2008,"Cesión","De 30 a 44 años","Hombres",7.4
"605",2007,"Cesión","De 30 a 44 años","Hombres",7.7
"606",2006,"Cesión","De 30 a 44 años","Hombres",7.9
"607",2005,"Cesión","De 30 a 44 años","Hombres",8.2
"608",2004,"Cesión","De 30 a 44 años","Hombres",9.4
"609",2022,"Propiedad","De 45 a 64 años","Hombres",80.9
"610",2021,"Propiedad","De 45 a 64 años","Hombres",80.9
"611",2020,"Propiedad","De 45 a 64 años","Hombres",78.2
"612",2019,"Propiedad","De 45 a 64 años","Hombres",80.1
"613",2018,"Propiedad","De 45 a 64 años","Hombres",80.6
"614",2017,"Propiedad","De 45 a 64 años","Hombres",80.8
"615",2016,"Propiedad","De 45 a 64 años","Hombres",81.7
"616",2015,"Propiedad","De 45 a 64 años","Hombres",81.6
"617",2014,"Propiedad","De 45 a 64 años","Hombres",82.3
"618",2013,"Propiedad","De 45 a 64 años","Hombres",83.5
"619",2012,"Propiedad","De 45 a 64 años","Hombres",83.5
"620",2011,"Propiedad","De 45 a 64 años","Hombres",83.3
"621",2010,"Propiedad","De 45 a 64 años","Hombres",83.8
"622",2009,"Propiedad","De 45 a 64 años","Hombres",83.8
"623",2008,"Propiedad","De 45 a 64 años","Hombres",84.6
"624",2007,"Propiedad","De 45 a 64 años","Hombres",84.7
"625",2006,"Propiedad","De 45 a 64 años","Hombres",85
"626",2005,"Propiedad","De 45 a 64 años","Hombres",87.9
"627",2004,"Propiedad","De 45 a 64 años","Hombres",87.2
"628",2022,"Alquiler a precio de mercado","De 45 a 64 años","Hombres",12.1
"629",2021,"Alquiler a precio de mercado","De 45 a 64 años","Hombres",11.9
"630",2020,"Alquiler a precio de mercado","De 45 a 64 años","Hombres",12.1
"631",2019,"Alquiler a precio de mercado","De 45 a 64 años","Hombres",13.5
"632",2018,"Alquiler a precio de mercado","De 45 a 64 años","Hombres",11.2
"633",2017,"Alquiler a precio de mercado","De 45 a 64 años","Hombres",11.6
"634",2016,"Alquiler a precio de mercado","De 45 a 64 años","Hombres",10.3
"635",2015,"Alquiler a precio de mercado","De 45 a 64 años","Hombres",11.1
"636",2014,"Alquiler a precio de mercado","De 45 a 64 años","Hombres",9.9
"637",2013,"Alquiler a precio de mercado","De 45 a 64 años","Hombres",8.4
"638",2012,"Alquiler a precio de mercado","De 45 a 64 años","Hombres",8.8
"639",2011,"Alquiler a precio de mercado","De 45 a 64 años","Hombres",8.5
"640",2010,"Alquiler a precio de mercado","De 45 a 64 años","Hombres",8
"641",2009,"Alquiler a precio de mercado","De 45 a 64 años","Hombres",8.6
"642",2008,"Alquiler a precio de mercado","De 45 a 64 años","Hombres",7.7
"643",2007,"Alquiler a precio de mercado","De 45 a 64 años","Hombres",6.7
"644",2006,"Alquiler a precio de mercado","De 45 a 64 años","Hombres",5.8
"645",2005,"Alquiler a precio de mercado","De 45 a 64 años","Hombres",4.9
"646",2004,"Alquiler a precio de mercado","De 45 a 64 años","Hombres",5.6
"647",2022,"Alquiler inferior al precio de mercado","De 45 a 64 años","Hombres",2.4
"648",2021,"Alquiler inferior al precio de mercado","De 45 a 64 años","Hombres",2
"649",2020,"Alquiler inferior al precio de mercado","De 45 a 64 años","Hombres",2.4
"650",2019,"Alquiler inferior al precio de mercado","De 45 a 64 años","Hombres",1.9
"651",2018,"Alquiler inferior al precio de mercado","De 45 a 64 años","Hombres",2.4
"652",2017,"Alquiler inferior al precio de mercado","De 45 a 64 años","Hombres",2.2
"653",2016,"Alquiler inferior al precio de mercado","De 45 a 64 años","Hombres",2.8
"654",2015,"Alquiler inferior al precio de mercado","De 45 a 64 años","Hombres",2
"655",2014,"Alquiler inferior al precio de mercado","De 45 a 64 años","Hombres",2.1
"656",2013,"Alquiler inferior al precio de mercado","De 45 a 64 años","Hombres",2.2
"657",2012,"Alquiler inferior al precio de mercado","De 45 a 64 años","Hombres",2.4
"658",2011,"Alquiler inferior al precio de mercado","De 45 a 64 años","Hombres",3
"659",2010,"Alquiler inferior al precio de mercado","De 45 a 64 años","Hombres",2.8
"660",2009,"Alquiler inferior al precio de mercado","De 45 a 64 años","Hombres",3.2
"661",2008,"Alquiler inferior al precio de mercado","De 45 a 64 años","Hombres",3
"662",2007,"Alquiler inferior al precio de mercado","De 45 a 64 años","Hombres",3.7
"663",2006,"Alquiler inferior al precio de mercado","De 45 a 64 años","Hombres",3
"664",2005,"Alquiler inferior al precio de mercado","De 45 a 64 años","Hombres",2.6
"665",2004,"Alquiler inferior al precio de mercado","De 45 a 64 años","Hombres",3.1
"666",2022,"Cesión","De 45 a 64 años","Hombres",4.7
"667",2021,"Cesión","De 45 a 64 años","Hombres",5.2
"668",2020,"Cesión","De 45 a 64 años","Hombres",7.3
"669",2019,"Cesión","De 45 a 64 años","Hombres",4.5
"670",2018,"Cesión","De 45 a 64 años","Hombres",5.8
"671",2017,"Cesión","De 45 a 64 años","Hombres",5.5
"672",2016,"Cesión","De 45 a 64 años","Hombres",5.1
"673",2015,"Cesión","De 45 a 64 años","Hombres",5.4
"674",2014,"Cesión","De 45 a 64 años","Hombres",5.8
"675",2013,"Cesión","De 45 a 64 años","Hombres",5.9
"676",2012,"Cesión","De 45 a 64 años","Hombres",5.2
"677",2011,"Cesión","De 45 a 64 años","Hombres",5.3
"678",2010,"Cesión","De 45 a 64 años","Hombres",5.4
"679",2009,"Cesión","De 45 a 64 años","Hombres",4.4
"680",2008,"Cesión","De 45 a 64 años","Hombres",4.7
"681",2007,"Cesión","De 45 a 64 años","Hombres",4.9
"682",2006,"Cesión","De 45 a 64 años","Hombres",6.1
"683",2005,"Cesión","De 45 a 64 años","Hombres",4.6
"684",2004,"Cesión","De 45 a 64 años","Hombres",4.1
"685",2022,"Propiedad","65 y más años","Hombres",90.8
"686",2021,"Propiedad","65 y más años","Hombres",89.9
"687",2020,"Propiedad","65 y más años","Hombres",89.5
"688",2019,"Propiedad","65 y más años","Hombres",89.7
"689",2018,"Propiedad","65 y más años","Hombres",90.3
"690",2017,"Propiedad","65 y más años","Hombres",90.7
"691",2016,"Propiedad","65 y más años","Hombres",92.2
"692",2015,"Propiedad","65 y más años","Hombres",90.8
"693",2014,"Propiedad","65 y más años","Hombres",91.9
"694",2013,"Propiedad","65 y más años","Hombres",91
"695",2012,"Propiedad","65 y más años","Hombres",92.4
"696",2011,"Propiedad","65 y más años","Hombres",92.2
"697",2010,"Propiedad","65 y más años","Hombres",90
"698",2009,"Propiedad","65 y más años","Hombres",90.3
"699",2008,"Propiedad","65 y más años","Hombres",90.3
"700",2007,"Propiedad","65 y más años","Hombres",89.6
"701",2006,"Propiedad","65 y más años","Hombres",89.3
"702",2005,"Propiedad","65 y más años","Hombres",90.4
"703",2004,"Propiedad","65 y más años","Hombres",89.3
"704",2022,"Alquiler a precio de mercado","65 y más años","Hombres",4.2
"705",2021,"Alquiler a precio de mercado","65 y más años","Hombres",4.7
"706",2020,"Alquiler a precio de mercado","65 y más años","Hombres",5.7
"707",2019,"Alquiler a precio de mercado","65 y más años","Hombres",4.8
"708",2018,"Alquiler a precio de mercado","65 y más años","Hombres",4.6
"709",2017,"Alquiler a precio de mercado","65 y más años","Hombres",4.1
"710",2016,"Alquiler a precio de mercado","65 y más años","Hombres",3.5
"711",2015,"Alquiler a precio de mercado","65 y más años","Hombres",3.2
"712",2014,"Alquiler a precio de mercado","65 y más años","Hombres",2.6
"713",2013,"Alquiler a precio de mercado","65 y más años","Hombres",3.2
"714",2012,"Alquiler a precio de mercado","65 y más años","Hombres",2.6
"715",2011,"Alquiler a precio de mercado","65 y más años","Hombres",2.7
"716",2010,"Alquiler a precio de mercado","65 y más años","Hombres",4.1
"717",2009,"Alquiler a precio de mercado","65 y más años","Hombres",3.7
"718",2008,"Alquiler a precio de mercado","65 y más años","Hombres",3.3
"719",2007,"Alquiler a precio de mercado","65 y más años","Hombres",3.4
"720",2006,"Alquiler a precio de mercado","65 y más años","Hombres",3.2
"721",2005,"Alquiler a precio de mercado","65 y más años","Hombres",2.5
"722",2004,"Alquiler a precio de mercado","65 y más años","Hombres",2.7
"723",2022,"Alquiler inferior al precio de mercado","65 y más años","Hombres",2.2
"724",2021,"Alquiler inferior al precio de mercado","65 y más años","Hombres",2.5
"725",2020,"Alquiler inferior al precio de mercado","65 y más años","Hombres",2.1
"726",2019,"Alquiler inferior al precio de mercado","65 y más años","Hombres",1.9
"727",2018,"Alquiler inferior al precio de mercado","65 y más años","Hombres",1.8
"728",2017,"Alquiler inferior al precio de mercado","65 y más años","Hombres",1.9
"729",2016,"Alquiler inferior al precio de mercado","65 y más años","Hombres",1.6
"730",2015,"Alquiler inferior al precio de mercado","65 y más años","Hombres",2.4
"731",2014,"Alquiler inferior al precio de mercado","65 y más años","Hombres",2.2
"732",2013,"Alquiler inferior al precio de mercado","65 y más años","Hombres",1.8
"733",2012,"Alquiler inferior al precio de mercado","65 y más años","Hombres",1.6
"734",2011,"Alquiler inferior al precio de mercado","65 y más años","Hombres",2
"735",2010,"Alquiler inferior al precio de mercado","65 y más años","Hombres",2
"736",2009,"Alquiler inferior al precio de mercado","65 y más años","Hombres",2.7
"737",2008,"Alquiler inferior al precio de mercado","65 y más años","Hombres",2.6
"738",2007,"Alquiler inferior al precio de mercado","65 y más años","Hombres",2.4
"739",2006,"Alquiler inferior al precio de mercado","65 y más años","Hombres",2.6
"740",2005,"Alquiler inferior al precio de mercado","65 y más años","Hombres",3.2
"741",2004,"Alquiler inferior al precio de mercado","65 y más años","Hombres",3.7
"742",2022,"Cesión","65 y más años","Hombres",2.8
"743",2021,"Cesión","65 y más años","Hombres",2.9
"744",2020,"Cesión","65 y más años","Hombres",2.7
"745",2019,"Cesión","65 y más años","Hombres",3.5
"746",2018,"Cesión","65 y más años","Hombres",3.3
"747",2017,"Cesión","65 y más años","Hombres",3.3
"748",2016,"Cesión","65 y más años","Hombres",2.7
"749",2015,"Cesión","65 y más años","Hombres",3.6
"750",2014,"Cesión","65 y más años","Hombres",3.3
"751",2013,"Cesión","65 y más años","Hombres",4
"752",2012,"Cesión","65 y más años","Hombres",3.4
"753",2011,"Cesión","65 y más años","Hombres",3.1
"754",2010,"Cesión","65 y más años","Hombres",3.9
"755",2009,"Cesión","65 y más años","Hombres",3.3
"756",2008,"Cesión","65 y más años","Hombres",3.8
"757",2007,"Cesión","65 y más años","Hombres",4.6
"758",2006,"Cesión","65 y más años","Hombres",4.9
"759",2005,"Cesión","65 y más años","Hombres",3.9
"760",2004,"Cesión","65 y más años","Hombres",4.2
"761",2022,"Propiedad","Total","Mujeres",74.5
"762",2021,"Propiedad","Total","Mujeres",74.9
"763",2020,"Propiedad","Total","Mujeres",75.3
"764",2019,"Propiedad","Total","Mujeres",75.6
"765",2018,"Propiedad","Total","Mujeres",74.4
"766",2017,"Propiedad","Total","Mujeres",74.7
"767",2016,"Propiedad","Total","Mujeres",74.6
"768",2015,"Propiedad","Total","Mujeres",76.7
"769",2014,"Propiedad","Total","Mujeres",76.9
"770",2013,"Propiedad","Total","Mujeres",76.8
"771",2012,"Propiedad","Total","Mujeres",77.8
"772",2011,"Propiedad","Total","Mujeres",78.3
"773",2010,"Propiedad","Total","Mujeres",78.7
"774",2009,"Propiedad","Total","Mujeres",78.1
"775",2008,"Propiedad","Total","Mujeres",78.4
"776",2007,"Propiedad","Total","Mujeres",78.6
"777",2006,"Propiedad","Total","Mujeres",76.7
"778",2005,"Propiedad","Total","Mujeres",77.4
"779",2004,"Propiedad","Total","Mujeres",76.9
"780",2022,"Alquiler a precio de mercado","Total","Mujeres",15.7
"781",2021,"Alquiler a precio de mercado","Total","Mujeres",15.6
"782",2020,"Alquiler a precio de mercado","Total","Mujeres",14.1
"783",2019,"Alquiler a precio de mercado","Total","Mujeres",14.8
"784",2018,"Alquiler a precio de mercado","Total","Mujeres",16
"785",2017,"Alquiler a precio de mercado","Total","Mujeres",15.2
"786",2016,"Alquiler a precio de mercado","Total","Mujeres",15
"787",2015,"Alquiler a precio de mercado","Total","Mujeres",12.5
"788",2014,"Alquiler a precio de mercado","Total","Mujeres",12.6
"789",2013,"Alquiler a precio de mercado","Total","Mujeres",13.4
"790",2012,"Alquiler a precio de mercado","Total","Mujeres",12.5
"791",2011,"Alquiler a precio de mercado","Total","Mujeres",12.8
"792",2010,"Alquiler a precio de mercado","Total","Mujeres",11.5
"793",2009,"Alquiler a precio de mercado","Total","Mujeres",11.2
"794",2008,"Alquiler a precio de mercado","Total","Mujeres",10.9
"795",2007,"Alquiler a precio de mercado","Total","Mujeres",11
"796",2006,"Alquiler a precio de mercado","Total","Mujeres",11.9
"797",2005,"Alquiler a precio de mercado","Total","Mujeres",11
"798",2004,"Alquiler a precio de mercado","Total","Mujeres",10.8
"799",2022,"Alquiler inferior al precio de mercado","Total","Mujeres",3.2
"800",2021,"Alquiler inferior al precio de mercado","Total","Mujeres",2.9
"801",2020,"Alquiler inferior al precio de mercado","Total","Mujeres",4
"802",2019,"Alquiler inferior al precio de mercado","Total","Mujeres",3.5
"803",2018,"Alquiler inferior al precio de mercado","Total","Mujeres",3.3
"804",2017,"Alquiler inferior al precio de mercado","Total","Mujeres",3.2
"805",2016,"Alquiler inferior al precio de mercado","Total","Mujeres",3
"806",2015,"Alquiler inferior al precio de mercado","Total","Mujeres",3.2
"807",2014,"Alquiler inferior al precio de mercado","Total","Mujeres",3.3
"808",2013,"Alquiler inferior al precio de mercado","Total","Mujeres",3.2
"809",2012,"Alquiler inferior al precio de mercado","Total","Mujeres",3.2
"810",2011,"Alquiler inferior al precio de mercado","Total","Mujeres",3.4
"811",2010,"Alquiler inferior al precio de mercado","Total","Mujeres",4.1
"812",2009,"Alquiler inferior al precio de mercado","Total","Mujeres",4.1
"813",2008,"Alquiler inferior al precio de mercado","Total","Mujeres",3.8
"814",2007,"Alquiler inferior al precio de mercado","Total","Mujeres",3.7
"815",2006,"Alquiler inferior al precio de mercado","Total","Mujeres",3.9
"816",2005,"Alquiler inferior al precio de mercado","Total","Mujeres",4.4
"817",2004,"Alquiler inferior al precio de mercado","Total","Mujeres",5
"818",2022,"Cesión","Total","Mujeres",6.7
"819",2021,"Cesión","Total","Mujeres",6.6
"820",2020,"Cesión","Total","Mujeres",6.6
"821",2019,"Cesión","Total","Mujeres",6.2
"822",2018,"Cesión","Total","Mujeres",6.4
"823",2017,"Cesión","Total","Mujeres",6.9
"824",2016,"Cesión","Total","Mujeres",7.4
"825",2015,"Cesión","Total","Mujeres",7.6
"826",2014,"Cesión","Total","Mujeres",7.2
"827",2013,"Cesión","Total","Mujeres",6.6
"828",2012,"Cesión","Total","Mujeres",6.6
"829",2011,"Cesión","Total","Mujeres",5.5
"830",2010,"Cesión","Total","Mujeres",5.7
"831",2009,"Cesión","Total","Mujeres",6.6
"832",2008,"Cesión","Total","Mujeres",6.9
"833",2007,"Cesión","Total","Mujeres",6.7
"834",2006,"Cesión","Total","Mujeres",7.5
"835",2005,"Cesión","Total","Mujeres",7.3
"836",2004,"Cesión","Total","Mujeres",7.3
"837",2022,"Propiedad","De 16 a 29 años","Mujeres",33.3
"838",2021,"Propiedad","De 16 a 29 años","Mujeres",39.8
"839",2020,"Propiedad","De 16 a 29 años","Mujeres",39.5
"840",2019,"Propiedad","De 16 a 29 años","Mujeres",24.7
"841",2018,"Propiedad","De 16 a 29 años","Mujeres",29.1
"842",2017,"Propiedad","De 16 a 29 años","Mujeres",23.6
"843",2016,"Propiedad","De 16 a 29 años","Mujeres",26.6
"844",2015,"Propiedad","De 16 a 29 años","Mujeres",39.8
"845",2014,"Propiedad","De 16 a 29 años","Mujeres",34.2
"846",2013,"Propiedad","De 16 a 29 años","Mujeres",38.1
"847",2012,"Propiedad","De 16 a 29 años","Mujeres",39.4
"848",2011,"Propiedad","De 16 a 29 años","Mujeres",39.8
"849",2010,"Propiedad","De 16 a 29 años","Mujeres",45.6
"850",2009,"Propiedad","De 16 a 29 años","Mujeres",51.5
"851",2008,"Propiedad","De 16 a 29 años","Mujeres",54.5
"852",2007,"Propiedad","De 16 a 29 años","Mujeres",58.1
"853",2006,"Propiedad","De 16 a 29 años","Mujeres",47.6
"854",2005,"Propiedad","De 16 a 29 años","Mujeres",49.8
"855",2004,"Propiedad","De 16 a 29 años","Mujeres",42.4
"856",2022,"Alquiler a precio de mercado","De 16 a 29 años","Mujeres",47.4
"857",2021,"Alquiler a precio de mercado","De 16 a 29 años","Mujeres",42.4
"858",2020,"Alquiler a precio de mercado","De 16 a 29 años","Mujeres",44.1
"859",2019,"Alquiler a precio de mercado","De 16 a 29 años","Mujeres",54.9
"860",2018,"Alquiler a precio de mercado","De 16 a 29 años","Mujeres",46.3
"861",2017,"Alquiler a precio de mercado","De 16 a 29 años","Mujeres",56.9
"862",2016,"Alquiler a precio de mercado","De 16 a 29 años","Mujeres",48.7
"863",2015,"Alquiler a precio de mercado","De 16 a 29 años","Mujeres",42.6
"864",2014,"Alquiler a precio de mercado","De 16 a 29 años","Mujeres",47.9
"865",2013,"Alquiler a precio de mercado","De 16 a 29 años","Mujeres",46.6
"866",2012,"Alquiler a precio de mercado","De 16 a 29 años","Mujeres",41.1
"867",2011,"Alquiler a precio de mercado","De 16 a 29 años","Mujeres",47.4
"868",2010,"Alquiler a precio de mercado","De 16 a 29 años","Mujeres",35.8
"869",2009,"Alquiler a precio de mercado","De 16 a 29 años","Mujeres",31.1
"870",2008,"Alquiler a precio de mercado","De 16 a 29 años","Mujeres",31.6
"871",2007,"Alquiler a precio de mercado","De 16 a 29 años","Mujeres",30
"872",2006,"Alquiler a precio de mercado","De 16 a 29 años","Mujeres",31.9
"873",2005,"Alquiler a precio de mercado","De 16 a 29 años","Mujeres",37.9
"874",2004,"Alquiler a precio de mercado","De 16 a 29 años","Mujeres",42.3
"875",2022,"Alquiler inferior al precio de mercado","De 16 a 29 años","Mujeres",5
"876",2021,"Alquiler inferior al precio de mercado","De 16 a 29 años","Mujeres",4.4
"877",2020,"Alquiler inferior al precio de mercado","De 16 a 29 años","Mujeres",1.1
"878",2019,"Alquiler inferior al precio de mercado","De 16 a 29 años","Mujeres",4.8
"879",2018,"Alquiler inferior al precio de mercado","De 16 a 29 años","Mujeres",9.6
"880",2017,"Alquiler inferior al precio de mercado","De 16 a 29 años","Mujeres",3.3
"881",2016,"Alquiler inferior al precio de mercado","De 16 a 29 años","Mujeres",7
"882",2015,"Alquiler inferior al precio de mercado","De 16 a 29 años","Mujeres",6.5
"883",2014,"Alquiler inferior al precio de mercado","De 16 a 29 años","Mujeres",3
"884",2013,"Alquiler inferior al precio de mercado","De 16 a 29 años","Mujeres",4.8
"885",2012,"Alquiler inferior al precio de mercado","De 16 a 29 años","Mujeres",3.2
"886",2011,"Alquiler inferior al precio de mercado","De 16 a 29 años","Mujeres",2.1
"887",2010,"Alquiler inferior al precio de mercado","De 16 a 29 años","Mujeres",8.7
"888",2009,"Alquiler inferior al precio de mercado","De 16 a 29 años","Mujeres",5.8
"889",2008,"Alquiler inferior al precio de mercado","De 16 a 29 años","Mujeres",4.4
"890",2007,"Alquiler inferior al precio de mercado","De 16 a 29 años","Mujeres",2.9
"891",2006,"Alquiler inferior al precio de mercado","De 16 a 29 años","Mujeres",1.7
"892",2005,"Alquiler inferior al precio de mercado","De 16 a 29 años","Mujeres",2.3
"893",2004,"Alquiler inferior al precio de mercado","De 16 a 29 años","Mujeres",2.1
"894",2022,"Cesión","De 16 a 29 años","Mujeres",14.3
"895",2021,"Cesión","De 16 a 29 años","Mujeres",13.3
"896",2020,"Cesión","De 16 a 29 años","Mujeres",15.3
"897",2019,"Cesión","De 16 a 29 años","Mujeres",15.6
"898",2018,"Cesión","De 16 a 29 años","Mujeres",15
"899",2017,"Cesión","De 16 a 29 años","Mujeres",16.3
"900",2016,"Cesión","De 16 a 29 años","Mujeres",17.6
"901",2015,"Cesión","De 16 a 29 años","Mujeres",11.2
"902",2014,"Cesión","De 16 a 29 años","Mujeres",14.9
"903",2013,"Cesión","De 16 a 29 años","Mujeres",10.6
"904",2012,"Cesión","De 16 a 29 años","Mujeres",16.4
"905",2011,"Cesión","De 16 a 29 años","Mujeres",10.8
"906",2010,"Cesión","De 16 a 29 años","Mujeres",10
"907",2009,"Cesión","De 16 a 29 años","Mujeres",11.6
"908",2008,"Cesión","De 16 a 29 años","Mujeres",9.5
"909",2007,"Cesión","De 16 a 29 años","Mujeres",8.9
"910",2006,"Cesión","De 16 a 29 años","Mujeres",18.7
"911",2005,"Cesión","De 16 a 29 años","Mujeres",9.9
"912",2004,"Cesión","De 16 a 29 años","Mujeres",13.2
"913",2022,"Propiedad","De 30 a 44 años","Mujeres",54.2
"914",2021,"Propiedad","De 30 a 44 años","Mujeres",56.5
"915",2020,"Propiedad","De 30 a 44 años","Mujeres",56.7
"916",2019,"Propiedad","De 30 a 44 años","Mujeres",56.2
"917",2018,"Propiedad","De 30 a 44 años","Mujeres",54.2
"918",2017,"Propiedad","De 30 a 44 años","Mujeres",58.6
"919",2016,"Propiedad","De 30 a 44 años","Mujeres",59.5
"920",2015,"Propiedad","De 30 a 44 años","Mujeres",62.2
"921",2014,"Propiedad","De 30 a 44 años","Mujeres",67.2
"922",2013,"Propiedad","De 30 a 44 años","Mujeres",67.7
"923",2012,"Propiedad","De 30 a 44 años","Mujeres",70
"924",2011,"Propiedad","De 30 a 44 años","Mujeres",74.2
"925",2010,"Propiedad","De 30 a 44 años","Mujeres",74.8
"926",2009,"Propiedad","De 30 a 44 años","Mujeres",74.4
"927",2008,"Propiedad","De 30 a 44 años","Mujeres",74.3
"928",2007,"Propiedad","De 30 a 44 años","Mujeres",73.5
"929",2006,"Propiedad","De 30 a 44 años","Mujeres",71.4
"930",2005,"Propiedad","De 30 a 44 años","Mujeres",69.4
"931",2004,"Propiedad","De 30 a 44 años","Mujeres",68.8
"932",2022,"Alquiler a precio de mercado","De 30 a 44 años","Mujeres",29.9
"933",2021,"Alquiler a precio de mercado","De 30 a 44 años","Mujeres",30.1
"934",2020,"Alquiler a precio de mercado","De 30 a 44 años","Mujeres",28
"935",2019,"Alquiler a precio de mercado","De 30 a 44 años","Mujeres",30.3
"936",2018,"Alquiler a precio de mercado","De 30 a 44 años","Mujeres",32.4
"937",2017,"Alquiler a precio de mercado","De 30 a 44 años","Mujeres",28.7
"938",2016,"Alquiler a precio de mercado","De 30 a 44 años","Mujeres",27.7
"939",2015,"Alquiler a precio de mercado","De 30 a 44 años","Mujeres",24.2
"940",2014,"Alquiler a precio de mercado","De 30 a 44 años","Mujeres",21.3
"941",2013,"Alquiler a precio de mercado","De 30 a 44 años","Mujeres",21.3
"942",2012,"Alquiler a precio de mercado","De 30 a 44 años","Mujeres",20.1
"943",2011,"Alquiler a precio de mercado","De 30 a 44 años","Mujeres",17.1
"944",2010,"Alquiler a precio de mercado","De 30 a 44 años","Mujeres",16.9
"945",2009,"Alquiler a precio de mercado","De 30 a 44 años","Mujeres",16.8
"946",2008,"Alquiler a precio de mercado","De 30 a 44 años","Mujeres",15.7
"947",2007,"Alquiler a precio de mercado","De 30 a 44 años","Mujeres",16.1
"948",2006,"Alquiler a precio de mercado","De 30 a 44 años","Mujeres",19.5
"949",2005,"Alquiler a precio de mercado","De 30 a 44 años","Mujeres",15.5
"950",2004,"Alquiler a precio de mercado","De 30 a 44 años","Mujeres",16.4
"951",2022,"Alquiler inferior al precio de mercado","De 30 a 44 años","Mujeres",4.1
"952",2021,"Alquiler inferior al precio de mercado","De 30 a 44 años","Mujeres",3.1
"953",2020,"Alquiler inferior al precio de mercado","De 30 a 44 años","Mujeres",4.8
"954",2019,"Alquiler inferior al precio de mercado","De 30 a 44 años","Mujeres",4.1
"955",2018,"Alquiler inferior al precio de mercado","De 30 a 44 años","Mujeres",2.8
"956",2017,"Alquiler inferior al precio de mercado","De 30 a 44 años","Mujeres",3.6
"957",2016,"Alquiler inferior al precio de mercado","De 30 a 44 años","Mujeres",2.1
"958",2015,"Alquiler inferior al precio de mercado","De 30 a 44 años","Mujeres",2.2
"959",2014,"Alquiler inferior al precio de mercado","De 30 a 44 años","Mujeres",2.5
"960",2013,"Alquiler inferior al precio de mercado","De 30 a 44 años","Mujeres",2.7
"961",2012,"Alquiler inferior al precio de mercado","De 30 a 44 años","Mujeres",2
"962",2011,"Alquiler inferior al precio de mercado","De 30 a 44 años","Mujeres",2.7
"963",2010,"Alquiler inferior al precio de mercado","De 30 a 44 años","Mujeres",2.9
"964",2009,"Alquiler inferior al precio de mercado","De 30 a 44 años","Mujeres",3.1
"965",2008,"Alquiler inferior al precio de mercado","De 30 a 44 años","Mujeres",3
"966",2007,"Alquiler inferior al precio de mercado","De 30 a 44 años","Mujeres",3
"967",2006,"Alquiler inferior al precio de mercado","De 30 a 44 años","Mujeres",2.4
"968",2005,"Alquiler inferior al precio de mercado","De 30 a 44 años","Mujeres",5
"969",2004,"Alquiler inferior al precio de mercado","De 30 a 44 años","Mujeres",4.6
"970",2022,"Cesión","De 30 a 44 años","Mujeres",11.7
"971",2021,"Cesión","De 30 a 44 años","Mujeres",10.3
"972",2020,"Cesión","De 30 a 44 años","Mujeres",10.5
"973",2019,"Cesión","De 30 a 44 años","Mujeres",9.4
"974",2018,"Cesión","De 30 a 44 años","Mujeres",10.6
"975",2017,"Cesión","De 30 a 44 años","Mujeres",9.2
"976",2016,"Cesión","De 30 a 44 años","Mujeres",10.8
"977",2015,"Cesión","De 30 a 44 años","Mujeres",11.4
"978",2014,"Cesión","De 30 a 44 años","Mujeres",9
"979",2013,"Cesión","De 30 a 44 años","Mujeres",8.2
"980",2012,"Cesión","De 30 a 44 años","Mujeres",7.9
"981",2011,"Cesión","De 30 a 44 años","Mujeres",6
"982",2010,"Cesión","De 30 a 44 años","Mujeres",5.3
"983",2009,"Cesión","De 30 a 44 años","Mujeres",5.6
"984",2008,"Cesión","De 30 a 44 años","Mujeres",7.1
"985",2007,"Cesión","De 30 a 44 años","Mujeres",7.4
"986",2006,"Cesión","De 30 a 44 años","Mujeres",6.7
"987",2005,"Cesión","De 30 a 44 años","Mujeres",10
"988",2004,"Cesión","De 30 a 44 años","Mujeres",10.2
"989",2022,"Propiedad","De 45 a 64 años","Mujeres",76.8
"990",2021,"Propiedad","De 45 a 64 años","Mujeres",77.3
"991",2020,"Propiedad","De 45 a 64 años","Mujeres",77.6
"992",2019,"Propiedad","De 45 a 64 años","Mujeres",79.4
"993",2018,"Propiedad","De 45 a 64 años","Mujeres",80
"994",2017,"Propiedad","De 45 a 64 años","Mujeres",79.9
"995",2016,"Propiedad","De 45 a 64 años","Mujeres",79.3
"996",2015,"Propiedad","De 45 a 64 años","Mujeres",81.1
"997",2014,"Propiedad","De 45 a 64 años","Mujeres",81.4
"998",2013,"Propiedad","De 45 a 64 años","Mujeres",80.5
"999",2012,"Propiedad","De 45 a 64 años","Mujeres",81.4
"1000",2011,"Propiedad","De 45 a 64 años","Mujeres",82
"1001",2010,"Propiedad","De 45 a 64 años","Mujeres",83.1
"1002",2009,"Propiedad","De 45 a 64 años","Mujeres",81.9
"1003",2008,"Propiedad","De 45 a 64 años","Mujeres",82.1
"1004",2007,"Propiedad","De 45 a 64 años","Mujeres",82
"1005",2006,"Propiedad","De 45 a 64 años","Mujeres",78.6
"1006",2005,"Propiedad","De 45 a 64 años","Mujeres",83
"1007",2004,"Propiedad","De 45 a 64 años","Mujeres",82.8
"1008",2022,"Alquiler a precio de mercado","De 45 a 64 años","Mujeres",14.2
"1009",2021,"Alquiler a precio de mercado","De 45 a 64 años","Mujeres",13.7
"1010",2020,"Alquiler a precio de mercado","De 45 a 64 años","Mujeres",12
"1011",2019,"Alquiler a precio de mercado","De 45 a 64 años","Mujeres",11.1
"1012",2018,"Alquiler a precio de mercado","De 45 a 64 años","Mujeres",12.9
"1013",2017,"Alquiler a precio de mercado","De 45 a 64 años","Mujeres",10.9
"1014",2016,"Alquiler a precio de mercado","De 45 a 64 años","Mujeres",11.9
"1015",2015,"Alquiler a precio de mercado","De 45 a 64 años","Mujeres",8.8
"1016",2014,"Alquiler a precio de mercado","De 45 a 64 años","Mujeres",9
"1017",2013,"Alquiler a precio de mercado","De 45 a 64 años","Mujeres",11.2
"1018",2012,"Alquiler a precio de mercado","De 45 a 64 años","Mujeres",10.2
"1019",2011,"Alquiler a precio de mercado","De 45 a 64 años","Mujeres",10
"1020",2010,"Alquiler a precio de mercado","De 45 a 64 años","Mujeres",8.7
"1021",2009,"Alquiler a precio de mercado","De 45 a 64 años","Mujeres",8.8
"1022",2008,"Alquiler a precio de mercado","De 45 a 64 años","Mujeres",8.5
"1023",2007,"Alquiler a precio de mercado","De 45 a 64 años","Mujeres",8.6
"1024",2006,"Alquiler a precio de mercado","De 45 a 64 años","Mujeres",10
"1025",2005,"Alquiler a precio de mercado","De 45 a 64 años","Mujeres",8.8
"1026",2004,"Alquiler a precio de mercado","De 45 a 64 años","Mujeres",8.9
"1027",2022,"Alquiler inferior al precio de mercado","De 45 a 64 años","Mujeres",3.2
"1028",2021,"Alquiler inferior al precio de mercado","De 45 a 64 años","Mujeres",3
"1029",2020,"Alquiler inferior al precio de mercado","De 45 a 64 años","Mujeres",4.6
"1030",2019,"Alquiler inferior al precio de mercado","De 45 a 64 años","Mujeres",4.1
"1031",2018,"Alquiler inferior al precio de mercado","De 45 a 64 años","Mujeres",2.7
"1032",2017,"Alquiler inferior al precio de mercado","De 45 a 64 años","Mujeres",3.7
"1033",2016,"Alquiler inferior al precio de mercado","De 45 a 64 años","Mujeres",3.5
"1034",2015,"Alquiler inferior al precio de mercado","De 45 a 64 años","Mujeres",4.3
"1035",2014,"Alquiler inferior al precio de mercado","De 45 a 64 años","Mujeres",3.7
"1036",2013,"Alquiler inferior al precio de mercado","De 45 a 64 años","Mujeres",2.9
"1037",2012,"Alquiler inferior al precio de mercado","De 45 a 64 años","Mujeres",3.1
"1038",2011,"Alquiler inferior al precio de mercado","De 45 a 64 años","Mujeres",3.1
"1039",2010,"Alquiler inferior al precio de mercado","De 45 a 64 años","Mujeres",3.6
"1040",2009,"Alquiler inferior al precio de mercado","De 45 a 64 años","Mujeres",3.4
"1041",2008,"Alquiler inferior al precio de mercado","De 45 a 64 años","Mujeres",3.7
"1042",2007,"Alquiler inferior al precio de mercado","De 45 a 64 años","Mujeres",4
"1043",2006,"Alquiler inferior al precio de mercado","De 45 a 64 años","Mujeres",4.6
"1044",2005,"Alquiler inferior al precio de mercado","De 45 a 64 años","Mujeres",3.3
"1045",2004,"Alquiler inferior al precio de mercado","De 45 a 64 años","Mujeres",4.2
"1046",2022,"Cesión","De 45 a 64 años","Mujeres",5.8
"1047",2021,"Cesión","De 45 a 64 años","Mujeres",6.1
"1048",2020,"Cesión","De 45 a 64 años","Mujeres",5.7
"1049",2019,"Cesión","De 45 a 64 años","Mujeres",5.4
"1050",2018,"Cesión","De 45 a 64 años","Mujeres",4.3
"1051",2017,"Cesión","De 45 a 64 años","Mujeres",5.5
"1052",2016,"Cesión","De 45 a 64 años","Mujeres",5.4
"1053",2015,"Cesión","De 45 a 64 años","Mujeres",5.9
"1054",2014,"Cesión","De 45 a 64 años","Mujeres",5.9
"1055",2013,"Cesión","De 45 a 64 años","Mujeres",5.5
"1056",2012,"Cesión","De 45 a 64 años","Mujeres",5.3
"1057",2011,"Cesión","De 45 a 64 años","Mujeres",4.9
"1058",2010,"Cesión","De 45 a 64 años","Mujeres",4.6
"1059",2009,"Cesión","De 45 a 64 años","Mujeres",6
"1060",2008,"Cesión","De 45 a 64 años","Mujeres",5.8
"1061",2007,"Cesión","De 45 a 64 años","Mujeres",5.4
"1062",2006,"Cesión","De 45 a 64 años","Mujeres",6.8
"1063",2005,"Cesión","De 45 a 64 años","Mujeres",4.9
"1064",2004,"Cesión","De 45 a 64 años","Mujeres",4.2
"1065",2022,"Propiedad","65 y más años","Mujeres",87.9
"1066",2021,"Propiedad","65 y más años","Mujeres",87.6
"1067",2020,"Propiedad","65 y más años","Mujeres",88.7
"1068",2019,"Propiedad","65 y más años","Mujeres",89.8
"1069",2018,"Propiedad","65 y más años","Mujeres",88.6
"1070",2017,"Propiedad","65 y más años","Mujeres",87.4
"1071",2016,"Propiedad","65 y más años","Mujeres",87.5
"1072",2015,"Propiedad","65 y más años","Mujeres",87.6
"1073",2014,"Propiedad","65 y más años","Mujeres",87.4
"1074",2013,"Propiedad","65 y más años","Mujeres",87.2
"1075",2012,"Propiedad","65 y más años","Mujeres",87.7
"1076",2011,"Propiedad","65 y más años","Mujeres",87.2
"1077",2010,"Propiedad","65 y más años","Mujeres",85.4
"1078",2009,"Propiedad","65 y más años","Mujeres",84.3
"1079",2008,"Propiedad","65 y más años","Mujeres",83.9
"1080",2007,"Propiedad","65 y más años","Mujeres",85.2
"1081",2006,"Propiedad","65 y más años","Mujeres",83.9
"1082",2005,"Propiedad","65 y más años","Mujeres",83.7
"1083",2004,"Propiedad","65 y más años","Mujeres",83.2
"1084",2022,"Alquiler a precio de mercado","65 y más años","Mujeres",6
"1085",2021,"Alquiler a precio de mercado","65 y más años","Mujeres",5.9
"1086",2020,"Alquiler a precio de mercado","65 y más años","Mujeres",4.2
"1087",2019,"Alquiler a precio de mercado","65 y más años","Mujeres",4.1
"1088",2018,"Alquiler a precio de mercado","65 y más años","Mujeres",3.6
"1089",2017,"Alquiler a precio de mercado","65 y más años","Mujeres",4.6
"1090",2016,"Alquiler a precio de mercado","65 y más años","Mujeres",4.1
"1091",2015,"Alquiler a precio de mercado","65 y más años","Mujeres",3.9
"1092",2014,"Alquiler a precio de mercado","65 y más años","Mujeres",3.2
"1093",2013,"Alquiler a precio de mercado","65 y más años","Mujeres",3.5
"1094",2012,"Alquiler a precio de mercado","65 y más años","Mujeres",3
"1095",2011,"Alquiler a precio de mercado","65 y más años","Mujeres",3.8
"1096",2010,"Alquiler a precio de mercado","65 y más años","Mujeres",3.5
"1097",2009,"Alquiler a precio de mercado","65 y más años","Mujeres",3.2
"1098",2008,"Alquiler a precio de mercado","65 y más años","Mujeres",4.2
"1099",2007,"Alquiler a precio de mercado","65 y más años","Mujeres",3.9
"1100",2006,"Alquiler a precio de mercado","65 y más años","Mujeres",4.5
"1101",2005,"Alquiler a precio de mercado","65 y más años","Mujeres",4.3
"1102",2004,"Alquiler a precio de mercado","65 y más años","Mujeres",3.8
"1103",2022,"Alquiler inferior al precio de mercado","65 y más años","Mujeres",2.3
"1104",2021,"Alquiler inferior al precio de mercado","65 y más años","Mujeres",2.6
"1105",2020,"Alquiler inferior al precio de mercado","65 y más años","Mujeres",2.9
"1106",2019,"Alquiler inferior al precio de mercado","65 y más años","Mujeres",2.3
"1107",2018,"Alquiler inferior al precio de mercado","65 y más años","Mujeres",3.5
"1108",2017,"Alquiler inferior al precio de mercado","65 y más años","Mujeres",2.5
"1109",2016,"Alquiler inferior al precio de mercado","65 y más años","Mujeres",2.7
"1110",2015,"Alquiler inferior al precio de mercado","65 y más años","Mujeres",2.6
"1111",2014,"Alquiler inferior al precio de mercado","65 y más años","Mujeres",3.5
"1112",2013,"Alquiler inferior al precio de mercado","65 y más años","Mujeres",3.6
"1113",2012,"Alquiler inferior al precio de mercado","65 y más años","Mujeres",4.3
"1114",2011,"Alquiler inferior al precio de mercado","65 y más años","Mujeres",4.7
"1115",2010,"Alquiler inferior al precio de mercado","65 y más años","Mujeres",4.9
"1116",2009,"Alquiler inferior al precio de mercado","65 y más años","Mujeres",5.3
"1117",2008,"Alquiler inferior al precio de mercado","65 y más años","Mujeres",4.4
"1118",2007,"Alquiler inferior al precio de mercado","65 y más años","Mujeres",4.2
"1119",2006,"Alquiler inferior al precio de mercado","65 y más años","Mujeres",4.8
"1120",2005,"Alquiler inferior al precio de mercado","65 y más años","Mujeres",5.1
"1121",2004,"Alquiler inferior al precio de mercado","65 y más años","Mujeres",6.2
"1122",2022,"Cesión","65 y más años","Mujeres",3.8
"1123",2021,"Cesión","65 y más años","Mujeres",4
"1124",2020,"Cesión","65 y más años","Mujeres",4.2
"1125",2019,"Cesión","65 y más años","Mujeres",3.8
"1126",2018,"Cesión","65 y más años","Mujeres",4.3
"1127",2017,"Cesión","65 y más años","Mujeres",5.5
"1128",2016,"Cesión","65 y más años","Mujeres",5.7
"1129",2015,"Cesión","65 y más años","Mujeres",5.9
"1130",2014,"Cesión","65 y más años","Mujeres",5.9
"1131",2013,"Cesión","65 y más años","Mujeres",5.8
"1132",2012,"Cesión","65 y más años","Mujeres",5
"1133",2011,"Cesión","65 y más años","Mujeres",4.3
"1134",2010,"Cesión","65 y más años","Mujeres",6.2
"1135",2009,"Cesión","65 y más años","Mujeres",7.2
"1136",2008,"Cesión","65 y más años","Mujeres",7.5
"1137",2007,"Cesión","65 y más años","Mujeres",6.7
"1138",2006,"Cesión","65 y más años","Mujeres",6.8
"1139",2005,"Cesión","65 y más años","Mujeres",6.8
"1140",2004,"Cesión","65 y más años","Mujeres",6.8
